Minutes,Channel 1,Channel 2,Channel 3,Channel 4,Channel 5,Channel 6,Channel 7,Channel 8,Channel 9,Channel 10,Channel 11,Channel 12,Channel 13,Channel 14,Channel 15,Channel 16,Channel 17,Channel 18,Channel 19,Channel 20
0,1,1,0,0,1,0,0,0,0,0,0,0,0,0,0,0,0,0,0,0
1,1,1,1,0,1,0,0,0,0,0,0,0,0,0,0,0,0,0,0,0
2,0,1,1,0,0,0,0,0,0,0,0,0,0,0,0,0,0,0,0,0
3,1,0,1,0,0,0,0,0,0,0,0,0,0,0,0,0,1,0,0,0
4,1,0,1,0,0,0,0,0,0,0,0,0,0,0,0,0,1,0,0,0
5,1,0,0,0,0,0,0,0,0,0,0,0,0,0,0,0,1,0,0,0
6,0,1,0,0,0,0,0,0,0,0,0,0,0,0,0,0,1,0,0,0
7,0,1,0,0,0,0,0,0,0,0,0,0,0,0,0,0,1,0,0,0
8,0,1,0,0,0,0,0,0,0,0,0,0,0,0,0,0,1,0,0,0
9,0,1,0,0,0,0,0,0,0,0,0,0,0,0,0,0,1,0,0,0
10,0,1,0,0,0,0,0,0,0,0,0,0,0,0,0,0,1,0,0,0
11,1,1,0,0,0,0,0,0,0,0,0,0,0,0,0,0,1,0,0,0
12,1,1,0,0,0,0,0,0,0,0,0,0,0,0,0,0,1,0,0,0
13,1,0,0,0,0,0,0,0,0,0,0,0,0,0,0,0,1,0,0,0
14,0,0,0,0,0,0,0,0,0,0,0,0,0,0,0,0,1,0,0,0
15,0,0,0,0,0,0,0,0,0,0,1,0,0,0,0,0,1,0,0,0
16,1,0,0,0,0,0,0,0,0,0,1,0,0,0,0,0,1,0,0,0
17,1,0,0,0,0,0,0,0,0,0,1,0,0,0,0,0,1,0,0,0
18,1,0,0,0,0,0,0,0,0,0,1,0,0,0,0,0,1,0,0,0
19,0,0,0,0,0,0,0,0,0,0,1,0,0,0,0,0,1,0,0,0
20,1,0,1,0,0,0,0,0,0,0,1,0,0,0,0,0,1,0,0,0
21,1,0,1,0,0,0,0,0,0,0,1,0,0,0,0,0,1,0,0,0
22,0,0,1,0,0,0,0,0,0,0,1,0,0,0,0,0,1,0,0,0
23,0,0,1,0,0,0,0,0,0,1,1,0,0,0,0,0,1,0,0,0
24,0,0,0,0,0,0,0,0,0,1,1,0,0,0,0,0,1,0,0,0
25,0,0,0,1,0,0,0,0,0,1,1,0,0,0,0,0,1,0,0,0
26,0,0,0,1,0,0,0,0,0,1,1,0,0,0,0,0,1,0,0,0
27,0,0,0,1,0,0,0,0,0,1,1,0,0,0,0,0,1,0,0,0
28,1,0,0,1,0,0,0,0,0,1,1,0,0,0,0,0,1,0,0,0
29,1,0,0,0,0,0,0,0,0,1,1,0,0,0,0,0,1,0,0,0
30,1,0,0,1,1,0,0,0,0,1,1,0,0,0,0,0,1,0,0,0
31,0,0,0,1,1,0,0,0,0,1,1,0,0,0,1,0,1,0,0,0
32,0,0,0,1,1,0,0,0,0,1,1,0,0,0,1,0,1,0,0,0
33,0,0,0,0,0,0,0,0,0,1,1,0,0,0,1,0,1,0,0,0
34,0,0,0,0,0,0,0,0,0,1,1,0,0,0,1,0,1,0,0,0
35,0,1,0,0,0,0,0,0,0,1,1,0,0,0,1,0,1,0,0,0
36,0,1,0,0,0,0,0,0,0,1,1,0,0,0,1,0,1,0,0,0
37,0,1,0,0,0,0,0,1,0,1,1,0,0,0,1,0,1,0,0,0
38,0,0,0,0,0,0,0,1,0,1,1,0,0,0,1,0,1,0,0,0
39,0,1,0,0,0,0,0,1,0,1,1,0,0,0,1,0,1,0,0,0
40,0,1,0,0,0,0,0,1,0,1,1,0,0,0,1,0,1,0,0,0
41,0,1,0,0,0,0,0,1,0,1,1,0,0,0,1,0,1,0,0,0
42,0,1,0,0,0,0,0,1,0,1,1,0,0,0,1,0,1,0,0,0
43,0,1,1,0,0,0,0,1,0,1,1,0,0,0,1,0,1,0,0,0
44,0,0,1,0,0,0,0,1,0,1,1,0,0,0,1,0,1,0,0,0
45,0,1,1,0,0,0,0,1,0,1,1,0,0,0,1,0,1,0,0,0
46,1,1,1,0,0,0,0,1,0,1,1,0,0,0,1,0,1,0,0,0
47,1,1,1,0,0,0,0,1,0,0,1,0,0,0,1,0,1,0,0,0
48,1,1,0,0,0,0,0,1,0,0,1,0,0,0,1,0,1,0,0,0
49,0,1,1,0,0,0,0,1,0,0,1,0,0,0,1,0,1,0,0,0
50,0,0,1,0,0,0,0,1,0,0,1,0,0,0,1,0,1,0,0,0
51,0,0,1,0,0,0,0,1,0,0,1,0,0,0,1,0,1,0,0,0
52,0,0,0,0,0,0,0,1,0,0,1,0,0,0,1,0,1,0,0,0
53,1,0,0,1,0,0,0,1,0,0,1,0,0,0,1,0,1,0,0,0
54,1,0,0,1,0,0,0,1,0,0,1,0,0,0,1,0,1,0,0,0
55,1,0,0,1,0,0,0,1,0,0,1,0,0,0,1,0,1,0,0,0
56,0,0,0,0,0,0,0,1,0,0,1,0,0,0,1,0,1,0,0,0
57,0,0,0,0,0,0,0,1,0,0,1,0,0,0,1,0,1,0,0,0
58,0,0,0,1,0,0,0,1,0,0,1,0,0,0,1,0,1,0,0,0
59,0,0,0,1,0,0,0,1,0,0,1,0,1,0,1,0,1,0,0,0
60,0,0,0,0,0,0,0,1,1,0,1,0,1,0,1,0,1,0,0,0
61,0,0,0,0,0,0,0,1,1,0,1,0,1,0,1,0,1,0,0,0
62,0,0,0,0,0,0,0,1,1,0,1,0,1,0,1,0,1,0,0,0
63,0,0,0,0,0,0,0,1,1,0,1,0,1,0,1,0,1,0,0,0
64,0,0,0,0,0,0,0,1,1,0,1,0,1,0,1,0,1,0,0,0
65,0,1,0,0,0,0,0,0,1,0,1,0,1,0,1,0,1,0,0,0
66,0,1,0,0,0,0,0,0,1,0,1,0,1,0,1,0,1,0,0,0
67,0,1,0,0,0,0,0,0,1,0,1,0,1,0,1,0,1,0,0,0
68,0,1,0,0,0,0,0,0,1,0,0,0,1,0,1,0,1,0,0,0
69,0,1,0,0,0,0,0,0,1,0,0,0,1,0,1,0,1,0,0,0
70,1,0,0,0,0,0,0,0,1,0,0,0,1,0,1,0,1,0,0,0
71,1,0,0,0,0,0,0,0,1,0,0,0,1,0,1,0,1,0,0,0
72,0,0,0,0,0,0,0,0,1,0,0,0,1,0,0,0,1,0,0,0
73,1,0,0,0,0,0,0,0,1,0,0,0,1,0,0,0,1,0,0,0
74,1,0,0,0,0,0,0,0,1,0,0,0,1,0,0,0,1,0,0,0
75,0,0,0,0,0,0,0,0,1,0,0,0,1,0,0,0,1,0,0,0
76,0,0,0,0,0,0,0,0,1,0,0,0,1,0,0,0,1,0,0,0
77,0,0,0,0,0,0,0,0,1,0,0,0,1,0,0,0,1,0,0,0
78,0,0,0,0,0,0,0,0,1,0,0,0,1,0,0,0,1,0,0,0
79,0,0,0,1,0,0,0,0,1,0,0,0,1,0,0,0,1,0,0,0
80,0,0,0,1,0,0,0,0,1,0,0,0,1,0,0,0,1,0,0,0
81,0,0,0,1,0,0,0,0,1,0,0,0,1,0,0,0,1,0,0,0
82,0,0,0,0,0,0,0,0,1,0,0,0,1,0,0,0,1,0,0,0
83,0,0,0,0,0,0,0,0,1,0,0,0,1,0,0,0,1,0,0,0
84,0,0,0,0,0,0,0,0,1,0,0,0,1,0,0,0,1,0,0,0
85,1,0,0,0,0,0,0,0,1,0,0,0,1,0,0,0,1,0,0,0
86,1,0,0,0,0,0,0,0,1,0,0,0,1,0,0,0,1,0,0,0
87,1,0,0,1,0,0,0,0,1,0,0,0,1,0,0,0,1,0,0,0
88,0,0,0,1,0,0,0,0,1,0,0,0,1,0,0,0,1,0,0,0
89,1,1,0,0,0,0,0,0,1,0,0,0,1,0,0,0,1,0,0,0
90,1,1,0,0,0,0,0,0,1,0,0,0,1,0,0,0,1,0,0,0
91,1,1,0,0,0,0,0,0,1,0,0,0,1,0,0,0,1,0,0,0
92,1,0,0,0,0,0,0,0,1,0,0,0,1,0,0,0,1,0,0,0
93,0,0,0,0,0,0,0,0,1,0,0,0,1,0,0,0,1,0,0,0
94,0,0,0,0,0,0,0,0,0,0,0,0,1,0,0,0,1,0,0,0
95,0,0,0,0,0,0,0,0,0,0,0,0,1,0,0,0,1,0,0,0
96,0,0,0,0,0,0,0,0,0,0,0,0,1,0,0,0,1,0,0,0
97,1,0,0,0,0,0,0,0,0,0,0,0,1,0,0,0,1,0,0,0
98,1,0,1,0,0,0,0,0,0,0,0,0,1,0,0,0,1,0,0,0
99,0,0,1,0,1,0,0,0,1,0,0,0,1,0,0,0,1,0,0,0
100,0,0,1,0,1,1,0,0,1,0,0,0,1,0,0,0,1,0,0,0
101,0,1,1,0,1,1,0,0,1,0,0,0,1,0,0,0,1,0,0,0
102,0,1,0,0,0,1,0,0,1,0,0,0,1,0,0,0,1,0,0,0
103,1,1,0,1,0,1,0,0,1,0,0,0,1,0,0,0,1,0,0,0
104,1,1,0,1,0,1,0,0,1,0,0,0,1,0,0,0,1,0,0,0
105,0,0,0,0,0,1,0,0,1,0,0,0,1,0,0,0,1,0,0,0
106,0,0,0,0,0,1,1,0,1,0,0,0,1,0,0,0,1,0,0,0
107,0,0,1,0,0,1,1,0,1,0,0,0,1,0,0,0,1,0,0,0
108,0,0,1,0,0,1,1,0,1,0,0,0,1,0,0,0,1,0,0,0
109,0,0,1,0,0,1,1,0,1,0,0,0,1,0,0,0,1,0,0,0
110,0,0,1,1,0,0,1,0,1,0,0,0,1,0,0,0,1,0,0,0
111,0,1,1,1,0,0,1,0,1,0,0,0,1,0,0,0,1,0,0,0
112,1,1,0,0,0,0,1,0,1,0,0,0,1,0,0,0,1,0,0,0
113,1,1,0,0,0,0,1,0,1,0,0,0,1,0,0,0,1,0,0,0
114,1,1,0,0,0,0,1,0,1,0,0,0,1,0,0,0,1,0,0,0
115,1,1,0,0,0,0,1,0,1,0,0,0,1,0,0,0,1,0,0,0
116,1,0,0,0,0,0,1,0,1,0,0,0,1,0,0,0,1,0,0,0
117,1,0,0,1,0,0,1,0,1,0,0,0,1,0,0,0,1,0,0,0
118,0,0,0,1,0,0,1,0,1,0,0,0,1,0,0,0,1,0,0,0
119,0,0,0,0,0,0,1,0,1,0,0,0,1,0,0,0,1,0,0,0
120,0,0,0,0,0,0,1,0,1,0,0,0,1,0,0,0,1,0,0,0
121,0,1,0,0,0,0,1,0,1,0,0,0,1,0,0,0,1,0,0,0
122,1,1,0,0,0,0,1,0,1,0,0,0,1,0,0,0,1,0,0,0
123,1,1,0,1,0,0,1,0,0,0,0,0,1,0,0,0,1,1,0,0
124,0,0,0,1,0,0,1,0,0,0,0,0,1,0,0,0,1,1,0,0
125,1,0,0,0,0,0,1,0,0,0,0,0,1,0,0,0,1,1,0,0
126,1,0,0,0,0,0,1,0,0,0,0,0,1,0,0,0,1,1,0,0
127,1,0,0,0,0,0,1,0,0,0,0,0,0,0,0,0,1,1,0,0
128,1,0,0,0,0,0,1,0,0,0,0,0,0,0,0,0,1,1,0,0
129,1,0,0,0,0,0,0,0,0,0,0,0,0,0,0,0,1,1,0,0
130,1,0,0,0,0,0,0,0,0,0,0,0,0,0,0,0,1,1,0,0
131,0,0,0,0,0,0,0,0,0,0,0,0,0,0,0,0,1,1,0,0
132,0,0,0,0,0,0,0,0,0,0,0,0,0,0,0,0,1,1,0,0
133,0,0,0,0,0,0,0,0,0,0,0,0,0,0,0,0,1,1,0,0
134,0,0,0,0,0,0,0,0,0,0,0,0,0,0,0,0,1,1,0,0
135,1,0,0,0,0,0,0,0,0,0,0,0,0,0,0,0,1,1,0,0
136,1,0,0,0,0,0,0,0,0,0,0,0,0,0,0,0,1,1,0,0
137,0,0,0,0,0,0,0,0,0,0,0,0,0,0,0,0,1,1,0,0
138,0,0,0,0,0,0,0,0,0,0,0,0,0,0,0,0,1,1,0,0
139,0,0,0,0,0,0,0,0,0,0,0,0,0,0,0,0,1,1,0,0
140,0,0,0,0,0,0,0,0,0,0,0,0,0,0,0,0,1,1,0,0
141,0,0,0,0,0,0,0,0,0,0,0,0,0,0,0,0,1,1,0,0
142,0,0,0,0,0,0,0,0,0,0,0,0,0,0,0,0,1,1,0,0
143,0,0,0,0,0,0,0,0,0,0,0,0,0,0,0,0,1,1,0,0
144,0,1,0,0,0,0,0,0,0,0,0,0,0,0,0,0,1,1,0,0
145,0,1,1,0,0,1,0,0,0,0,0,0,0,0,0,0,1,1,0,0
146,1,1,1,0,0,1,0,0,0,0,0,0,0,0,0,0,1,1,0,0
147,1,0,0,0,0,1,0,0,0,0,0,0,0,0,0,0,1,1,0,0
148,1,0,0,0,0,1,0,0,0,0,0,0,0,0,0,0,1,1,0,0
149,0,0,1,0,0,1,0,0,0,0,0,0,0,0,0,0,1,1,0,0
150,0,0,1,0,1,1,0,0,0,0,0,0,0,0,0,0,1,1,0,0
151,0,0,1,0,1,1,0,0,0,0,0,0,0,0,0,0,1,1,0,0
152,1,0,0,0,1,1,0,1,0,0,0,0,0,0,0,0,1,1,0,0
153,1,1,0,0,1,1,0,1,0,0,0,0,0,0,0,0,1,1,0,0
154,1,1,0,0,1,1,0,1,0,0,0,0,0,0,0,0,1,1,0,0
155,0,1,0,0,1,1,0,1,0,0,0,0,0,0,0,0,1,1,0,0
156,0,1,1,0,1,1,0,1,0,0,0,0,0,0,0,0,1,1,0,0
157,0,0,1,0,1,0,0,1,0,0,0,0,0,0,0,0,1,1,0,0
158,0,0,1,0,1,0,0,1,0,0,0,0,0,0,0,0,1,1,0,0
159,0,0,1,0,0,0,0,1,0,0,0,0,0,0,0,0,1,1,0,0
160,0,0,0,0,0,0,0,0,0,0,0,0,0,0,0,0,1,1,0,0
161,1,0,0,0,0,0,0,0,0,0,0,0,0,0,0,0,1,1,0,0
162,1,0,0,0,0,0,0,0,0,0,0,0,0,0,0,0,1,1,0,0
163,1,0,0,0,0,0,0,1,0,0,0,0,0,0,0,0,1,1,0,0
164,0,0,0,0,0,0,0,1,0,0,0,0,0,0,0,0,1,1,0,0
165,0,0,0,0,0,0,0,1,0,0,0,0,0,0,0,0,1,1,0,0
166,0,0,0,0,0,0,0,1,0,0,0,0,0,0,0,0,1,1,0,0
167,0,0,0,0,0,0,0,1,0,0,0,0,0,0,0,0,1,1,0,0
168,0,0,1,0,0,1,0,1,0,0,0,0,0,0,0,0,1,1,0,0
169,0,1,1,0,0,1,0,1,0,0,0,0,0,0,0,0,1,1,0,0
170,0,1,1,0,0,1,0,1,0,0,0,0,0,0,0,0,1,1,0,0
171,0,1,0,0,0,1,0,1,0,0,0,0,0,0,0,0,1,1,0,0
172,0,0,0,0,0,1,0,1,0,0,0,0,0,0,0,0,1,1,0,0
173,0,0,0,0,0,1,0,1,0,0,0,0,0,0,0,0,1,1,0,0
174,0,0,0,0,0,1,0,1,0,0,0,0,0,0,0,0,1,1,0,0
175,1,0,0,0,0,1,0,1,0,1,0,0,0,0,0,0,1,1,0,0
176,1,0,0,0,0,1,0,1,0,1,0,0,0,0,0,0,1,1,0,0
177,0,0,0,0,0,1,0,1,0,1,0,0,0,0,0,0,1,1,0,0
178,1,0,0,0,0,1,0,1,0,1,0,0,0,0,0,0,1,1,0,0
179,1,0,0,0,0,1,0,0,0,1,0,0,0,0,0,0,1,1,0,0
180,0,0,0,0,0,1,0,0,0,1,0,0,0,0,0,0,1,1,0,0
181,0,0,0,0,0,1,0,0,0,1,0,0,0,0,0,0,1,1,0,0
182,0,0,0,0,0,1,0,0,0,1,0,0,0,0,0,0,1,1,0,0
183,0,0,0,0,0,0,0,0,0,1,0,0,0,0,0,0,1,1,0,0
184,0,0,0,0,0,0,0,0,0,1,0,0,0,0,0,0,1,1,0,0
185,0,0,0,0,0,0,0,0,0,1,0,0,0,0,0,0,1,1,0,0
186,0,0,0,0,0,0,0,0,0,1,0,0,0,0,0,0,1,1,0,0
187,0,0,0,0,0,0,0,1,0,1,0,0,0,0,0,0,1,1,0,0
188,0,0,0,0,0,0,0,1,0,1,0,0,0,0,0,0,1,1,0,0
189,1,0,0,0,0,0,0,1,0,1,0,0,0,0,0,0,1,1,0,0
190,1,0,0,0,0,0,0,1,1,1,0,0,0,0,0,0,1,1,0,0
191,0,1,0,1,0,0,0,1,1,1,0,0,0,0,0,0,1,1,0,0
192,0,1,0,1,0,0,0,1,1,1,0,0,0,0,0,0,1,1,0,0
193,1,1,0,0,0,0,0,1,1,1,0,0,0,0,0,0,1,1,0,0
194,1,1,0,0,0,0,0,1,1,1,0,1,0,0,0,0,1,1,0,0
195,0,1,0,0,0,0,0,1,1,1,0,1,0,0,0,0,1,1,0,0
196,1,0,0,0,0,0,0,1,1,1,0,1,0,0,0,0,1,1,0,0
197,1,0,0,0,0,0,0,1,1,1,0,1,0,0,0,0,1,1,0,0
198,0,0,0,0,0,0,0,1,1,1,0,1,0,0,0,0,1,1,0,0
199,0,0,0,0,0,0,0,0,1,1,0,0,0,0,0,0,1,1,0,0
200,0,0,0,0,0,0,0,0,1,1,0,0,0,0,0,0,1,1,0,0
201,0,0,0,0,0,0,0,0,1,1,0,0,0,0,0,0,1,1,0,0
202,0,0,0,0,0,0,0,0,1,1,0,0,0,0,0,0,1,1,0,0
203,0,0,0,1,0,0,0,0,1,1,0,0,0,0,0,0,1,1,0,0
204,0,0,0,1,0,0,0,0,1,1,0,0,0,0,0,0,1,1,0,0
205,0,0,0,1,0,0,0,0,1,1,0,0,0,0,0,0,1,1,0,0
206,0,0,0,1,0,0,0,0,1,1,0,0,0,0,0,0,1,1,0,0
207,0,0,0,1,0,0,0,0,1,1,0,0,0,0,0,0,1,1,0,0
208,0,0,0,0,0,0,0,0,1,1,0,0,0,0,0,0,1,1,0,0
209,0,0,0,0,0,0,0,0,1,1,0,0,0,0,0,0,1,1,0,0
210,0,0,1,0,0,0,0,0,1,1,0,0,0,0,0,0,1,1,0,0
211,0,0,1,0,0,0,0,0,1,1,0,0,0,0,0,0,1,1,0,0
212,1,0,1,0,0,0,0,0,1,1,0,0,0,0,0,0,1,1,0,0
213,1,0,1,0,0,0,0,0,1,1,0,0,0,0,0,0,1,1,0,0
214,0,0,1,0,0,0,0,0,1,0,0,0,0,0,0,0,1,1,0,0
215,0,0,0,0,0,0,0,0,1,0,0,0,0,0,0,0,1,1,0,0
216,1,0,0,0,0,0,0,0,1,0,0,0,0,0,0,0,1,1,0,0
217,1,0,0,0,0,0,0,0,1,0,0,0,0,0,0,0,1,1,0,0
218,1,0,0,0,0,0,0,0,0,0,0,0,0,0,0,0,1,1,0,0
219,0,1,0,0,0,0,0,0,0,0,0,0,0,0,0,0,1,1,0,0
220,0,1,0,0,0,0,0,0,0,0,0,0,0,0,0,0,1,1,0,0
221,0,0,0,0,0,0,0,0,0,0,0,0,0,0,0,0,1,1,0,0
222,1,1,0,0,0,0,1,0,0,0,0,0,0,0,0,0,1,1,0,0
223,1,1,0,0,0,0,1,0,0,0,0,0,0,0,0,0,1,1,0,0
224,1,1,0,0,0,0,1,0,0,0,0,0,0,0,0,0,1,1,0,0
225,0,1,0,0,0,0,1,1,0,0,0,0,0,0,0,0,1,1,0,0
226,0,1,0,1,0,0,1,1,0,0,0,0,0,0,0,0,1,1,0,0
227,1,0,0,1,0,0,1,1,0,0,0,0,0,0,0,0,1,1,0,0
228,1,0,0,1,0,0,1,1,0,1,0,0,0,0,0,0,1,1,0,0
229,0,1,0,1,0,0,1,1,0,1,0,0,0,0,0,0,1,1,0,0
230,1,1,0,0,0,0,1,1,0,1,0,0,0,0,0,0,1,1,0,0
231,1,1,0,0,0,0,1,1,0,1,0,0,0,0,0,0,1,1,0,0
232,1,0,0,0,0,0,1,1,0,1,0,0,0,0,0,0,1,1,0,0
233,0,0,0,0,0,0,1,1,0,1,0,0,0,0,0,0,1,1,0,0
234,0,0,0,0,0,0,1,1,0,1,0,0,0,0,0,0,1,1,0,0
235,1,1,0,0,0,0,1,1,0,1,0,0,0,0,0,0,1,1,0,0
236,1,1,0,0,0,0,1,1,0,1,0,0,0,0,0,0,1,1,0,0
237,1,1,0,0,0,0,1,1,0,1,0,0,0,0,0,0,1,1,0,0
238,0,0,1,0,0,0,1,1,0,1,0,0,0,0,0,0,1,1,0,0
239,0,0,1,0,0,0,1,1,0,1,0,0,0,0,0,0,1,1,0,0
240,0,0,1,0,0,0,1,1,0,1,0,0,0,0,0,0,1,1,0,0
241,0,0,1,0,0,0,1,1,0,1,0,0,0,0,0,0,1,1,0,0
242,0,0,1,0,0,0,1,1,0,1,0,0,0,0,0,0,1,1,0,0
243,0,0,1,0,0,0,1,1,0,1,0,0,0,0,0,0,1,1,0,0
244,0,0,0,0,0,0,0,1,0,1,0,0,0,0,0,0,1,1,0,0
245,1,1,0,0,0,0,0,1,0,1,0,0,0,0,0,0,1,1,0,0
246,1,1,0,0,0,0,0,1,0,1,0,0,0,0,0,0,1,1,0,0
247,0,0,0,0,1,0,0,1,0,1,0,0,0,0,0,0,1,1,0,0
248,1,0,0,0,1,0,0,0,0,1,0,0,0,0,0,0,1,1,0,0
249,1,0,0,0,1,0,0,0,0,1,0,0,0,0,0,0,1,1,0,0
250,1,0,0,0,1,1,0,0,0,1,0,0,0,0,0,0,1,1,0,0
251,0,0,0,0,1,1,0,0,0,1,0,0,0,0,0,0,1,1,0,0
252,1,0,0,0,1,1,0,0,0,1,0,0,0,0,0,0,1,1,0,0
253,1,0,0,0,0,1,0,0,0,1,0,0,0,0,0,0,1,1,0,0
254,0,0,0,0,0,1,0,0,0,1,0,0,0,0,0,0,1,1,0,0
255,0,0,0,0,0,1,0,0,0,0,0,0,0,0,0,0,1,1,0,0
256,0,0,0,0,0,1,0,0,0,0,0,0,0,0,0,0,1,0,0,0
257,0,0,0,0,0,1,0,0,0,0,0,0,0,0,0,0,1,0,0,0
258,0,1,0,0,0,1,0,0,0,0,0,0,0,0,0,0,1,0,0,0
259,0,1,0,0,0,1,0,0,0,0,0,0,0,0,0,0,0,0,0,0
260,0,1,0,0,0,1,0,0,0,0,0,0,0,0,0,0,0,0,0,0
261,0,1,0,0,0,1,0,0,0,0,0,0,0,0,0,0,0,0,0,0
262,0,1,0,1,1,1,0,0,0,0,0,0,0,0,0,0,0,0,0,0
263,0,0,0,1,1,0,0,0,0,0,0,0,0,0,0,0,0,0,0,0
264,0,0,0,1,1,0,0,0,0,0,0,0,0,0,0,0,0,0,0,0
265,0,0,0,1,0,0,0,0,0,0,0,0,0,0,0,0,0,0,0,0
266,0,0,0,1,0,0,0,0,0,0,0,0,0,0,0,0,0,0,0,0
267,1,0,0,0,0,0,0,0,0,0,0,0,0,0,0,0,0,0,0,0
268,1,1,0,0,0,0,0,0,0,0,0,0,0,0,0,0,0,0,0,0
269,1,1,0,0,0,0,0,0,0,0,0,0,0,0,0,0,0,0,0,0
270,1,1,0,0,0,0,0,0,0,0,0,0,0,0,0,0,0,0,0,0
271,1,1,1,0,0,0,0,0,0,0,0,0,0,0,0,0,0,0,0,0
272,0,1,1,0,0,0,0,0,0,0,0,0,0,0,0,0,0,0,0,0
273,1,0,1,0,0,1,0,0,0,0,0,0,0,0,0,0,0,0,0,0
274,1,0,1,0,0,1,0,0,0,0,0,0,0,0,0,0,0,0,0,0
275,1,0,0,0,0,1,0,0,0,0,0,0,0,0,0,0,0,0,0,0
276,0,0,0,0,0,1,0,0,0,0,0,0,0,0,0,0,0,0,0,0
277,0,0,0,0,0,0,0,0,0,0,0,0,0,0,0,0,0,0,0,0
278,1,0,0,0,0,0,0,0,0,0,0,0,0,0,0,0,0,0,0,0
279,1,1,0,1,0,0,0,0,0,0,0,0,0,0,0,0,0,0,0,0
280,1,1,0,1,0,0,0,0,0,0,0,0,0,0,0,0,0,0,0,0
281,0,0,0,1,0,0,0,0,0,0,0,0,0,0,0,0,0,0,0,0
282,0,0,0,0,0,0,0,0,0,0,0,0,0,0,0,0,0,0,0,0
283,0,0,0,0,0,0,0,0,0,0,0,0,0,0,0,0,0,0,0,0
284,0,0,0,0,0,0,0,0,0,0,0,0,0,0,0,0,0,0,0,0
285,1,0,1,0,0,0,0,0,0,0,0,0,0,0,0,0,0,0,0,0
286,1,1,1,0,0,0,0,0,0,0,0,0,0,0,0,0,0,0,0,0
287,1,1,1,0,0,0,0,0,0,0,0,0,0,0,0,0,0,0,0,0
288,1,0,1,0,0,0,0,0,0,0,0,0,0,0,0,0,0,0,0,0
289,0,0,1,0,0,0,0,0,0,0,0,0,0,0,0,0,0,0,0,0
290,0,0,0,0,0,0,0,0,0,0,0,0,0,0,0,0,0,0,0,0
291,0,0,0,0,0,0,0,0,0,0,0,0,0,0,0,0,0,0,0,0
292,0,0,1,1,0,0,0,0,0,0,0,0,0,0,0,0,0,0,0,0
293,0,0,1,1,0,0,0,0,0,0,0,0,0,0,0,0,0,0,0,0
294,1,1,1,1,0,0,0,0,0,0,0,0,0,0,0,0,0,0,0,0
295,1,1,1,1,0,0,0,0,0,0,0,0,1,0,0,0,0,0,0,0
296,0,1,0,1,0,0,0,0,0,0,0,0,1,0,0,0,0,0,0,0
297,0,1,0,0,0,0,0,0,0,0,0,0,1,0,0,0,0,0,0,0
298,0,1,0,0,1,0,0,0,0,0,0,0,1,0,0,0,0,0,0,0
299,0,0,0,0,1,0,0,0,0,0,0,0,1,0,0,0,0,0,0,0
300,0,0,0,0,1,0,0,0,0,0,0,0,1,0,0,0,0,0,0,0
301,0,0,0,0,1,0,0,0,0,0,0,0,1,0,0,0,0,0,0,0
302,0,0,0,0,1,0,0,0,0,0,0,0,1,0,0,0,0,0,0,0
303,0,0,0,0,1,0,0,0,0,0,0,0,1,0,0,0,0,0,0,0
304,1,0,0,0,1,0,0,0,0,0,0,0,1,0,0,0,0,0,0,0
305,1,0,0,0,1,0,0,0,0,0,0,0,1,0,0,0,0,0,0,0
306,1,0,1,0,1,0,0,0,0,0,0,0,1,0,0,0,0,0,0,0
307,0,1,1,0,1,0,0,0,0,0,0,0,1,0,0,0,0,0,0,0
308,0,1,0,0,0,0,0,0,0,0,0,0,1,0,0,0,0,0,0,0
309,0,1,1,0,0,0,0,1,0,0,0,0,1,0,0,0,0,0,0,0
310,1,0,1,0,0,1,0,1,0,0,0,0,1,0,0,0,0,0,0,0
311,1,0,0,0,0,1,0,1,0,1,0,0,1,0,0,0,0,0,0,0
312,0,0,0,0,0,1,0,1,0,1,0,0,1,0,0,0,0,0,0,0
313,0,1,0,0,0,1,0,1,0,1,0,0,1,0,0,0,0,0,0,0
314,1,1,0,0,0,1,0,1,0,1,0,0,1,0,0,0,0,0,0,0
315,1,0,0,0,0,1,0,1,0,1,0,0,1,0,0,0,0,0,0,0
316,0,0,0,0,0,0,0,1,0,1,0,0,1,0,0,0,0,0,0,0
317,0,0,0,0,1,0,0,1,0,1,0,0,1,0,0,0,0,0,0,0
318,0,0,0,0,1,0,0,1,0,1,0,0,1,0,0,0,0,0,0,0
319,0,0,0,0,1,1,0,1,0,1,0,0,1,0,0,0,0,0,0,0
320,0,0,0,0,1,1,0,1,0,1,0,0,1,0,0,0,0,0,0,0
321,0,0,0,0,1,1,0,1,0,1,0,0,1,0,0,0,0,0,0,0
322,0,0,0,0,1,1,0,1,0,1,0,0,1,0,0,0,0,0,0,0
323,0,0,0,0,1,1,0,1,0,1,0,0,1,0,0,0,0,0,0,0
324,0,0,0,0,1,1,0,1,0,1,0,0,1,0,0,0,0,0,0,0
325,0,0,0,0,1,1,0,1,0,1,0,0,1,0,0,0,0,0,0,0
326,0,0,0,0,1,1,0,0,0,1,0,0,1,0,0,0,0,0,0,0
327,0,0,0,0,0,1,0,0,0,1,0,0,1,0,0,0,0,0,0,0
328,0,0,0,0,0,1,0,0,0,1,0,0,1,0,0,0,0,0,0,0
329,1,0,0,0,0,1,0,0,0,1,0,0,1,0,0,0,0,0,0,0
330,1,0,0,0,0,1,0,0,0,1,0,0,1,0,0,0,0,0,0,0
331,1,0,0,0,0,1,0,0,0,1,0,0,1,0,0,0,0,0,0,0
332,0,0,0,0,0,1,0,0,0,1,0,0,1,0,0,0,0,0,0,0
333,0,0,0,0,0,1,0,0,0,1,0,0,1,0,0,0,0,0,0,0
334,0,0,0,0,0,0,0,0,0,1,0,0,1,0,0,0,0,0,0,0
335,0,0,0,0,0,0,0,0,0,1,0,0,1,0,0,0,0,0,0,0
336,1,0,0,0,0,0,0,0,0,1,0,0,1,0,0,0,0,0,0,0
337,1,0,0,0,0,0,0,0,0,1,0,0,1,0,0,0,0,0,0,0
338,0,0,0,0,0,0,0,0,0,1,0,0,1,0,0,0,0,0,0,0
339,0,0,0,0,0,0,0,0,0,1,0,0,1,0,0,0,0,0,0,0
340,0,0,0,0,0,0,0,0,0,1,0,0,1,0,0,0,0,0,0,0
341,0,0,0,0,0,0,0,0,0,1,0,0,1,0,0,0,0,0,0,0
342,0,0,0,0,0,0,0,0,0,1,0,0,1,0,0,0,0,0,0,0
343,1,0,0,0,0,0,0,0,0,1,0,0,1,0,0,0,0,0,0,0
344,1,0,0,0,0,0,0,0,0,1,0,0,1,0,0,0,0,0,0,0
345,1,0,0,0,0,0,0,0,0,1,0,0,1,0,0,0,0,0,0,0
346,0,0,0,0,0,0,0,0,0,1,0,0,0,0,0,0,0,0,0,0
347,1,0,0,0,0,0,0,0,0,1,0,0,0,0,0,0,0,0,0,0
348,1,0,0,0,0,0,0,0,0,1,0,0,0,0,0,0,0,0,0,0
349,0,0,0,0,0,0,0,0,0,1,0,0,0,0,0,0,0,0,0,0
350,1,0,0,0,0,0,0,0,0,1,0,0,0,0,0,0,0,0,0,0
351,1,0,0,0,0,0,0,0,0,1,0,0,0,0,0,0,0,0,0,0
352,1,0,0,0,0,0,0,0,0,1,0,0,0,0,0,0,0,0,0,0
353,0,0,1,0,0,0,0,0,0,1,0,0,0,0,0,0,0,0,0,0
354,0,0,1,0,0,0,0,0,0,0,0,0,0,0,0,0,0,0,0,0
355,0,1,1,0,0,0,0,0,0,0,0,0,0,0,0,0,0,0,0,0
356,0,1,0,0,0,0,0,0,0,0,0,0,0,0,0,0,0,0,0,0
357,1,1,0,0,0,0,0,0,0,0,0,0,0,0,0,0,0,0,0,0
358,1,1,1,0,0,0,0,0,0,0,0,0,0,0,0,0,0,0,0,0
359,0,1,1,0,0,0,0,0,0,0,0,0,0,0,0,0,0,0,0,0
360,0,0,0,0,0,0,0,0,0,0,0,0,0,0,0,0,0,0,0,0
361,0,1,1,0,0,0,0,0,0,0,0,0,0,0,0,0,0,0,0,0
362,0,1,1,0,0,0,0,0,0,0,0,0,0,0,0,0,0,0,0,0
363,0,1,1,0,0,0,0,0,0,0,0,0,0,0,0,0,0,0,0,0
364,1,1,1,0,0,0,0,0,0,0,0,0,0,0,0,0,0,0,0,0
365,1,0,1,0,0,1,0,0,0,0,0,0,0,0,0,0,0,0,0,0
366,1,0,0,0,0,1,0,0,0,0,0,0,0,0,0,0,0,0,0,0
367,0,0,1,0,0,1,0,0,0,0,0,0,0,0,0,0,0,0,0,0
368,0,0,1,0,0,1,0,0,0,0,0,0,0,0,0,0,0,0,0,0
369,0,0,1,0,0,1,0,0,0,0,0,0,0,0,0,0,0,0,0,0
370,0,0,1,0,0,0,0,0,0,0,0,0,0,0,0,0,0,0,0,0
371,0,0,0,0,0,0,0,0,0,0,0,0,0,0,0,0,0,0,0,0
372,0,0,0,0,0,0,0,0,0,1,0,0,0,0,0,0,0,0,0,0
373,0,0,0,0,0,0,0,0,0,1,0,0,0,0,0,0,0,0,0,0
374,1,0,0,0,0,0,0,0,0,1,0,0,0,0,0,0,0,0,0,0
375,1,0,0,0,0,0,0,0,0,1,0,0,0,0,0,0,0,0,0,0
376,0,0,0,0,0,0,0,0,0,1,0,0,0,0,0,0,0,0,0,0
377,0,0,1,0,0,0,0,0,0,1,0,0,0,0,0,0,0,0,0,0
378,0,0,1,0,0,0,0,0,0,1,0,0,0,0,0,0,0,0,0,0
379,0,0,1,0,0,0,0,0,0,1,0,0,0,0,0,0,0,0,0,0
380,1,0,1,0,0,0,0,0,0,1,0,0,0,0,0,0,0,0,0,0
381,1,0,1,0,0,0,0,0,0,1,0,0,0,0,0,0,0,0,0,0
382,1,0,0,0,0,0,0,0,0,1,0,0,0,0,0,0,0,0,0,0
383,0,0,0,0,0,0,0,0,0,1,0,0,0,0,0,0,0,0,0,0
384,0,0,0,0,0,0,0,0,0,1,0,0,0,0,0,0,0,0,0,0
385,0,0,0,0,0,0,0,0,0,1,0,0,0,0,0,0,0,0,0,0
386,0,0,0,0,1,0,0,0,0,0,0,0,0,0,0,0,0,0,0,0
387,0,0,0,0,1,0,0,0,0,0,0,0,0,0,0,0,0,0,0,0
388,1,0,0,0,0,0,0,0,0,0,0,0,0,0,0,0,0,0,0,0
389,1,0,0,1,0,1,0,0,0,0,0,0,0,0,0,0,0,0,0,0
390,0,0,0,1,0,1,0,0,0,0,0,0,0,0,0,0,0,0,0,0
391,0,0,1,1,0,1,0,0,0,0,0,0,0,0,0,0,0,0,0,0
392,0,0,1,0,0,0,0,0,0,0,0,0,0,0,0,0,0,0,0,0
393,0,0,1,0,0,0,0,0,0,0,0,0,0,0,0,0,0,0,0,0
394,0,0,1,0,0,0,0,0,0,0,0,0,0,0,0,0,0,0,0,0
395,0,0,1,0,0,0,0,0,0,0,0,0,0,0,0,0,0,0,0,0
396,0,0,0,0,0,0,0,0,0,0,0,0,0,0,0,0,0,0,0,0
397,0,0,0,0,0,1,0,0,0,0,0,0,0,0,0,0,0,0,0,0
398,0,0,0,0,0,1,0,0,0,0,0,0,0,0,0,0,0,0,0,0
399,0,0,0,0,0,1,0,0,0,0,0,0,0,0,0,0,0,0,0,0
400,0,0,0,0,0,1,0,0,0,0,0,0,0,0,0,0,0,0,0,0
401,0,0,0,0,0,1,0,0,0,0,0,0,0,0,0,0,0,0,0,0
402,0,0,0,0,0,1,0,0,0,0,0,0,0,0,0,0,0,0,0,0
403,0,0,0,1,0,1,0,0,0,0,0,0,0,0,0,0,0,0,0,0
404,1,0,1,1,0,1,0,0,0,0,0,0,0,0,0,0,0,0,0,0
405,1,0,1,1,0,1,0,0,0,0,0,0,0,0,0,0,0,0,0,0
406,1,0,0,1,0,1,0,0,0,0,0,0,0,0,0,0,0,0,0,0
407,0,0,0,1,0,1,0,0,0,0,0,0,0,0,0,0,0,0,0,0
408,0,0,0,0,0,1,0,0,0,0,0,0,0,0,0,0,0,0,0,0
409,0,0,0,0,0,1,0,0,0,0,0,0,0,0,0,0,0,0,0,0
410,0,0,0,0,0,0,0,0,0,0,0,0,0,0,0,0,0,0,0,0
411,0,1,0,0,0,0,0,0,0,0,0,0,0,0,0,0,0,0,0,0
412,1,1,0,0,1,0,0,0,0,0,0,0,0,0,0,0,0,0,0,0
413,1,1,0,0,1,0,0,0,0,0,0,0,0,0,0,0,0,0,0,0
414,1,1,0,0,1,0,0,0,0,0,0,0,0,0,0,0,0,0,0,0
415,0,0,0,0,1,0,0,0,0,0,0,0,0,0,0,0,0,0,0,0
416,0,0,0,0,1,0,0,0,0,1,0,0,0,0,0,0,0,0,0,0
417,0,0,0,0,1,0,0,0,0,1,0,0,0,0,0,0,0,0,0,0
418,1,0,0,0,1,0,0,0,0,1,0,0,0,0,0,0,0,0,0,0
419,1,0,0,0,1,0,0,0,0,1,0,0,0,0,0,0,0,0,0,0
420,0,0,0,0,1,0,0,0,0,1,0,0,0,0,0,0,0,0,0,0
421,1,0,0,0,0,0,0,0,0,1,0,0,0,0,0,0,0,0,0,0
422,1,0,0,0,0,0,0,0,0,1,0,0,0,0,0,0,0,0,0,0
423,0,0,0,0,0,0,0,0,0,1,0,0,0,0,0,0,0,0,0,0
424,1,0,0,0,0,1,0,0,0,1,0,0,0,0,0,0,0,0,0,0
425,1,0,0,0,0,1,0,0,0,1,0,0,0,0,0,0,0,0,0,0
426,0,0,0,0,0,1,0,0,0,1,0,0,0,0,0,0,0,0,0,0
427,0,0,0,0,0,1,0,0,0,1,0,0,0,0,0,0,0,0,0,0
428,0,0,0,0,0,1,0,0,0,1,0,0,0,0,0,0,0,0,0,0
429,1,0,0,0,0,1,0,0,0,1,0,0,0,0,0,0,0,0,0,0
430,1,1,0,0,0,1,0,0,0,1,0,0,0,0,0,0,0,0,0,0
431,1,1,0,0,0,1,0,0,0,0,0,0,0,1,0,0,0,0,0,0
432,0,1,1,0,0,1,0,0,0,0,0,0,0,1,0,0,0,0,0,0
433,0,0,1,0,0,1,0,0,0,0,0,0,0,1,0,0,0,0,0,0
434,0,0,0,0,0,1,0,0,0,0,0,0,0,1,0,0,0,0,0,0
435,0,0,0,0,0,1,0,0,0,0,0,0,0,1,0,0,0,0,0,0
436,0,1,0,0,0,0,0,0,0,0,0,0,0,1,0,0,0,0,0,0
437,0,1,0,0,0,0,0,0,0,0,0,0,0,1,0,0,0,0,0,0
438,0,1,0,0,0,0,0,0,0,0,0,0,0,1,0,0,0,0,0,0
439,0,1,0,0,0,0,0,0,0,0,0,0,0,1,0,0,0,0,0,0
440,0,1,0,0,0,0,0,0,0,0,0,0,0,1,0,0,0,0,0,0
441,0,0,0,0,0,0,0,0,0,0,0,0,0,1,0,0,0,0,0,0
442,0,0,0,0,0,0,0,0,0,0,0,0,0,1,0,0,0,0,0,0
443,0,0,0,0,0,0,0,0,0,0,0,0,0,1,0,0,0,0,0,0
444,0,0,0,0,0,0,0,0,0,0,0,0,0,1,0,0,0,0,0,0
445,0,0,0,1,1,0,0,0,0,0,0,0,0,1,0,0,0,0,0,0
446,0,0,0,1,1,0,0,0,0,0,0,0,0,1,0,0,0,0,0,0
447,1,0,0,0,1,0,0,0,0,0,0,0,0,1,0,0,0,0,0,0
448,1,1,0,0,1,0,0,0,0,0,0,0,0,1,0,0,0,0,0,0
449,1,1,0,0,1,0,0,0,0,0,1,0,0,1,0,0,0,0,0,0
450,0,1,0,0,1,0,0,0,0,0,1,0,0,1,0,0,0,0,0,0
451,0,1,0,0,1,0,1,0,0,0,1,0,0,1,0,0,0,0,0,0
452,0,0,0,0,1,0,1,0,0,0,1,0,0,1,0,0,0,0,0,0
453,0,0,0,0,1,0,0,0,0,0,1,0,0,1,0,0,0,0,0,0
454,0,0,0,0,1,0,0,0,0,0,1,0,0,1,0,0,0,0,0,0
455,0,0,0,0,0,0,0,0,0,0,1,0,0,1,0,0,0,0,0,0
456,1,0,0,0,0,0,0,0,0,0,1,0,1,1,0,0,0,0,0,0
457,1,0,0,0,1,0,0,0,0,0,1,0,1,1,0,0,0,0,0,0
458,1,0,0,0,1,0,0,0,0,0,1,0,1,1,0,0,0,0,0,0
459,0,0,0,0,0,0,0,0,0,0,1,0,1,1,0,0,0,0,0,0
460,0,0,0,0,0,0,0,0,0,0,1,0,1,1,0,0,0,0,0,0
461,0,0,0,0,1,0,0,0,0,0,1,0,1,1,0,0,0,0,0,0
462,0,0,0,0,1,0,0,0,0,0,1,0,1,1,0,0,0,0,0,0
463,0,0,0,0,1,0,1,0,0,0,1,0,1,1,0,0,0,0,0,0
464,0,0,1,0,1,0,1,0,0,0,1,0,1,1,0,0,0,0,0,0
465,0,0,1,0,1,0,1,0,0,0,1,0,1,1,0,0,0,0,0,0
466,0,0,0,0,1,0,1,0,0,0,1,0,1,0,0,0,0,0,0,0
467,0,0,0,0,1,0,1,0,0,0,1,0,1,0,0,0,0,0,0,0
468,0,0,0,0,1,0,1,0,0,0,1,0,1,0,0,0,0,0,0,0
469,0,0,0,0,1,0,1,0,0,0,1,0,1,0,0,0,0,0,0,0
470,0,0,0,0,0,0,1,0,0,0,1,0,1,0,0,0,0,0,0,0
471,0,0,0,0,0,0,1,0,0,0,1,0,1,0,0,0,0,0,0,0
472,1,0,0,0,0,0,1,0,0,1,1,0,1,0,0,0,0,0,0,0
473,1,0,0,0,1,0,1,0,0,1,1,0,1,0,0,0,0,0,0,0
474,0,0,0,0,1,0,1,0,0,0,1,0,1,0,0,0,0,0,0,0
475,1,0,1,0,1,0,1,0,0,0,1,0,1,0,0,0,0,0,0,0
476,1,0,1,0,1,0,1,0,0,0,1,0,1,0,0,0,0,0,0,0
477,1,0,1,0,1,0,0,0,0,0,1,0,1,0,0,0,0,0,0,0
478,0,1,0,0,1,0,0,0,0,0,0,0,1,0,0,0,0,0,0,0
479,0,1,0,0,1,0,0,0,0,0,0,0,1,0,0,0,0,0,0,0
480,0,0,0,0,1,0,0,0,0,0,0,0,1,0,0,0,0,0,0,0
481,0,0,0,0,1,0,0,0,0,0,0,0,1,0,0,0,0,0,0,0
482,0,0,0,0,1,0,0,0,0,0,0,0,1,0,0,0,0,0,0,0
483,0,0,0,1,0,0,0,0,0,0,0,0,1,0,0,0,0,0,0,0
484,0,1,0,1,0,0,0,0,0,0,0,0,1,0,0,0,0,0,0,0
485,1,1,0,1,0,0,0,0,0,0,0,0,1,0,0,0,0,0,0,0
486,1,1,0,1,0,0,0,0,0,0,0,0,1,0,0,0,0,0,0,0
487,1,1,0,1,0,0,0,0,0,0,0,0,1,0,0,0,0,0,0,0
488,1,1,0,0,1,0,0,0,0,0,0,0,1,0,0,0,0,0,0,0
489,1,0,0,0,1,0,0,0,0,0,0,0,1,0,0,0,0,0,0,0
490,0,0,0,0,1,0,0,0,0,0,0,0,1,0,0,0,0,0,0,0
491,0,0,0,0,1,0,0,0,0,0,0,0,1,0,0,0,0,0,0,0
492,0,0,0,0,1,0,0,0,0,0,0,0,1,0,0,0,0,0,0,0
493,1,0,0,0,0,0,0,0,0,0,0,0,1,0,0,0,0,0,0,0
494,1,0,0,0,0,0,0,0,0,0,0,0,1,0,0,0,0,0,0,0
495,0,0,0,0,0,1,0,0,0,0,0,0,1,0,0,0,0,0,0,0
496,0,0,0,0,0,1,0,0,0,0,0,0,1,0,0,0,0,0,0,0
497,0,1,0,0,0,1,0,0,0,0,0,0,1,0,0,0,0,0,0,0
498,0,1,0,0,0,1,0,0,0,0,0,0,1,0,0,0,0,0,0,0
499,0,1,0,0,0,1,0,0,0,0,0,0,1,0,0,0,0,0,0,0
500,0,1,0,1,0,1,0,0,0,0,0,0,1,0,0,0,0,0,0,0
501,0,1,0,1,0,1,0,0,0,0,0,0,1,0,0,0,0,0,0,0
502,1,0,0,1,0,1,0,0,0,0,0,0,1,0,0,0,0,0,0,0
503,1,0,0,1,0,1,0,0,0,0,0,0,1,0,0,0,0,0,0,0
504,0,0,0,0,0,1,0,0,0,1,1,0,1,0,0,0,0,0,0,0
505,0,0,0,0,0,1,0,0,0,1,1,0,1,0,0,0,0,0,0,0
506,0,0,0,0,1,1,0,1,0,1,1,0,1,0,0,0,0,0,0,0
507,0,0,0,0,1,1,0,1,0,1,1,0,1,0,0,0,0,0,0,0
508,0,0,0,0,1,1,0,1,0,1,1,0,1,0,0,0,0,0,0,0
509,1,0,0,0,1,1,0,1,0,1,1,0,0,0,0,0,0,0,0,0
510,1,1,0,0,1,0,0,1,0,1,1,0,0,0,0,0,0,0,0,0
511,0,1,0,0,1,0,0,1,0,1,1,0,0,0,0,0,0,0,0,0
512,0,1,0,0,1,0,0,1,0,1,1,0,0,0,0,0,0,0,0,0
513,0,0,0,0,1,0,0,1,0,1,1,0,0,0,0,0,0,0,0,0
514,0,0,0,0,1,0,0,1,0,1,1,0,0,0,0,0,0,0,0,0
515,0,0,0,0,1,0,0,1,1,1,1,0,0,0,0,0,0,0,0,0
516,0,0,0,0,0,0,0,1,1,1,1,0,0,0,0,0,0,0,0,0
517,0,1,0,0,0,0,0,1,1,1,1,0,0,0,0,0,0,0,0,0
518,0,1,0,0,0,0,0,1,1,1,1,0,0,0,0,0,0,0,0,0
519,0,1,0,0,0,0,0,1,1,1,1,0,0,0,0,0,0,0,0,0
520,0,1,0,0,0,0,0,1,0,1,1,0,0,0,0,0,0,0,0,0
521,1,1,0,0,0,0,0,1,0,1,1,0,0,0,0,0,0,0,0,0
522,1,0,0,0,0,0,0,1,0,1,1,0,0,0,0,0,0,0,0,0
523,0,0,0,0,0,0,0,1,0,0,1,0,0,0,0,0,0,0,0,0
524,0,0,0,0,0,0,0,1,0,0,1,0,0,0,0,0,0,0,0,0
525,0,0,1,0,1,0,0,0,0,0,1,0,0,0,0,0,0,0,0,0
526,0,0,1,0,1,0,0,0,0,0,1,0,0,0,0,0,0,0,0,0
527,0,0,1,1,1,0,0,0,0,0,1,0,0,0,0,0,0,0,0,0
528,1,0,1,1,0,0,0,0,0,0,1,0,0,0,0,0,0,0,0,0
529,1,0,0,1,0,0,0,0,0,0,1,0,0,0,0,0,0,0,0,0
530,0,0,0,0,0,0,0,0,0,0,1,0,0,0,0,0,0,0,0,0
531,0,0,0,0,0,0,0,0,0,0,1,0,0,0,0,0,0,0,0,0
532,0,0,0,0,0,0,0,0,0,0,1,0,0,0,0,0,0,0,0,0
533,0,0,0,0,0,0,0,0,0,0,1,0,0,0,0,0,0,0,0,0
534,0,0,0,1,0,0,0,0,0,0,1,0,0,0,0,0,0,0,0,0
535,0,1,0,1,0,0,0,1,0,0,1,0,0,0,0,0,0,0,0,0
536,0,1,0,1,0,0,0,1,0,0,0,0,0,0,0,0,0,0,0,0
537,1,0,0,1,0,0,0,1,0,0,0,0,0,0,0,0,0,0,0,0
538,1,0,0,0,0,0,0,1,0,0,0,0,0,0,0,0,0,0,0,0
539,1,0,0,0,0,0,0,1,0,0,0,0,0,0,0,0,0,0,0,0
540,0,0,1,0,0,0,0,1,0,0,0,0,0,0,0,0,0,0,0,0
541,0,0,1,0,0,0,0,1,0,0,0,0,0,0,0,0,0,0,0,0
542,0,0,1,0,0,0,0,1,0,0,0,0,0,0,0,0,0,0,0,0
543,0,0,0,0,0,0,0,1,0,0,0,0,0,0,0,0,0,0,0,0
544,0,0,0,0,0,0,0,1,0,0,0,0,0,0,0,0,0,0,0,0
545,1,1,0,0,0,0,0,1,0,0,0,0,0,0,0,0,0,0,1,0
546,1,1,0,0,0,0,0,1,0,0,0,0,0,0,0,0,0,0,1,0
547,0,0,0,0,0,0,0,1,0,0,0,0,0,0,0,0,0,0,1,0
548,1,0,0,0,0,0,0,1,0,0,0,0,0,0,0,0,0,0,1,0
549,1,0,0,1,0,0,0,1,0,0,0,0,0,0,0,0,0,0,1,0
550,1,0,0,1,0,0,0,1,0,0,0,0,0,0,0,0,0,0,1,0
551,0,0,0,1,0,0,0,1,0,0,0,0,0,0,0,0,0,0,1,0
552,0,0,0,0,0,0,0,1,0,0,0,0,0,0,0,0,0,0,1,0
553,1,0,0,0,0,0,0,0,0,0,0,0,0,0,0,0,0,0,1,0
554,1,0,0,0,0,0,0,0,0,0,0,0,0,0,0,0,0,0,1,1
555,0,0,0,0,0,0,0,0,0,0,0,0,0,0,0,0,0,0,1,1
556,0,0,0,0,0,0,0,0,0,0,0,0,0,0,0,0,0,0,1,1
557,0,0,0,0,0,0,0,0,0,0,0,0,0,0,0,0,0,0,1,1
558,0,0,1,0,0,0,0,0,0,0,0,0,0,0,0,0,0,0,1,1
559,1,0,1,0,0,0,0,0,0,0,0,0,0,0,0,0,0,0,1,1
560,1,0,0,0,0,0,0,0,0,0,0,0,0,0,0,0,0,0,1,1
561,0,0,0,0,0,0,0,0,0,0,0,0,0,0,0,0,0,0,1,1
562,0,0,0,0,0,0,0,0,0,0,0,0,0,0,0,0,0,0,1,1
563,0,0,0,0,0,0,0,0,0,0,0,0,0,0,0,0,0,0,1,1
564,0,0,0,0,0,0,0,0,0,0,0,0,0,0,0,0,0,0,1,1
565,0,0,0,0,0,0,0,0,0,0,0,0,0,0,0,0,0,0,1,1
566,0,0,0,0,0,0,0,0,0,0,0,0,0,0,0,0,0,0,1,1
567,0,0,0,0,0,0,0,0,0,0,0,0,0,0,0,0,0,0,1,1
568,0,1,0,0,0,0,1,0,0,0,0,0,0,0,0,0,0,0,1,1
569,0,1,0,0,0,0,1,0,0,0,0,0,0,0,0,0,0,0,1,1
570,0,1,0,0,0,0,1,0,0,0,0,0,0,0,0,0,0,0,1,1
571,0,1,0,0,0,0,1,0,0,0,0,0,0,0,0,0,0,0,1,1
572,1,0,0,0,0,0,1,0,0,0,0,0,0,0,0,0,0,0,1,1
573,1,1,0,0,0,0,1,0,0,0,0,0,0,0,0,0,0,0,1,1
574,0,1,0,0,0,0,1,0,0,0,0,0,0,0,0,0,0,0,1,1
575,0,1,0,0,0,0,1,0,0,0,0,0,0,0,0,0,0,0,1,1
576,0,0,1,0,0,0,1,0,0,0,0,0,0,0,0,0,0,0,1,1
577,0,0,1,0,0,0,1,0,0,0,0,0,0,0,0,0,0,0,1,1
578,0,0,1,0,0,0,1,0,0,0,0,0,0,0,0,0,0,0,1,1
579,0,0,1,0,0,0,1,0,0,0,0,0,0,0,0,0,0,0,1,1
580,0,1,0,0,0,0,1,0,0,1,0,0,0,0,0,0,0,0,1,1
581,0,1,0,0,0,0,1,0,0,1,0,0,0,0,0,0,0,0,1,1
582,1,1,0,0,0,0,1,0,0,1,0,0,0,0,0,0,0,0,1,1
583,1,0,0,1,0,0,1,0,0,1,0,0,0,0,0,0,0,0,1,1
584,0,0,0,1,0,0,1,0,0,1,0,0,0,0,0,0,0,0,1,1
585,1,0,0,0,0,0,1,0,0,1,0,0,0,0,0,0,0,0,1,1
586,1,0,0,0,0,0,1,0,0,1,0,0,0,0,0,0,0,0,1,1
587,1,0,0,0,0,0,1,0,0,1,0,0,0,0,0,0,0,0,1,1
588,0,0,0,0,0,1,1,0,0,1,0,0,0,0,0,0,0,0,1,1
589,0,0,0,0,0,1,0,0,0,1,0,0,0,0,0,0,0,0,1,1
590,0,0,0,0,0,1,0,0,0,1,0,0,0,0,0,0,0,0,1,1
591,0,0,0,0,0,1,0,0,0,1,0,0,0,0,0,0,0,0,1,1
592,0,0,0,0,0,1,0,0,0,0,0,0,0,0,0,0,0,0,1,1
593,1,1,0,0,0,1,0,0,0,0,0,0,0,0,0,0,0,0,1,1
594,1,1,0,0,0,1,1,0,0,0,0,0,0,0,0,0,0,0,1,1
595,0,1,0,0,0,1,1,0,0,0,0,0,0,0,0,0,0,0,1,1
596,0,1,0,0,0,1,0,0,0,0,0,0,0,0,0,0,0,0,1,1
597,0,1,0,0,0,1,0,0,0,0,0,0,0,0,0,0,0,0,1,1
598,0,0,0,0,0,0,0,0,0,0,0,0,0,0,0,0,0,0,1,1
599,0,0,0,0,0,0,0,0,0,0,0,0,0,0,0,0,0,0,1,1
600,0,0,0,0,0,0,0,0,0,0,0,0,0,0,0,0,0,0,1,1
601,0,1,0,0,0,0,0,0,0,0,0,0,0,0,0,0,0,0,1,1
602,0,1,0,0,0,0,0,0,0,0,0,0,0,0,0,0,0,0,1,1
603,0,1,0,0,0,0,0,0,0,0,0,0,0,0,0,0,0,0,0,1
604,0,0,0,0,0,0,0,0,0,0,0,0,0,0,0,0,0,0,0,1
605,1,0,0,0,0,0,0,0,0,0,0,0,0,0,0,0,0,0,0,1
606,1,0,1,0,0,0,1,0,0,0,0,0,0,0,0,0,0,0,0,1
607,1,0,1,1,0,0,1,0,0,0,0,0,0,0,0,0,0,0,0,1
608,0,0,1,1,0,0,1,0,0,0,0,0,0,0,0,0,0,0,0,1
609,0,0,1,1,0,0,1,0,0,0,0,0,0,0,0,0,0,0,0,1
610,0,0,1,1,1,0,1,0,0,0,0,0,0,0,0,0,0,0,0,1
611,0,0,0,0,1,0,1,0,1,0,0,0,0,0,0,0,0,0,0,1
612,0,0,1,0,1,0,1,0,1,0,0,0,0,0,0,0,0,0,0,1
613,0,0,1,0,1,0,1,0,1,0,0,0,0,0,0,0,0,0,0,1
614,0,0,1,0,1,0,1,0,1,0,0,0,0,0,0,0,0,0,0,1
615,0,0,1,0,1,0,1,0,1,0,0,0,0,0,0,0,0,0,0,1
616,0,0,1,0,1,0,1,0,1,0,0,0,0,0,0,0,0,0,0,1
617,0,0,0,0,1,0,1,0,1,0,0,0,0,0,0,0,0,0,0,1
618,0,1,0,0,0,0,1,0,1,0,0,0,0,0,0,0,0,0,0,1
619,1,1,0,1,0,0,1,0,1,0,0,0,0,0,0,0,0,0,0,1
620,1,1,0,1,0,1,1,0,1,0,0,0,0,0,0,0,0,0,0,1
621,0,0,0,1,0,1,1,0,1,0,0,0,0,0,0,0,0,0,0,1
622,0,0,0,0,0,1,1,0,1,0,0,0,0,0,0,0,0,0,0,1
623,1,0,0,0,0,1,1,0,1,0,0,0,0,0,0,0,0,0,0,1
624,1,1,0,0,0,1,1,0,1,0,0,0,0,0,0,0,0,0,0,1
625,0,1,0,0,0,1,1,0,1,0,0,0,0,0,0,0,0,0,0,1
626,0,1,0,0,0,1,1,0,1,0,0,0,0,0,0,0,0,0,0,1
627,0,0,0,0,0,1,1,0,1,0,0,0,0,0,0,0,0,0,0,1
628,1,0,0,0,0,1,1,0,1,0,0,0,0,0,0,0,0,0,0,1
629,1,0,0,0,0,1,1,0,1,0,0,0,0,0,0,0,0,0,0,1
630,0,0,0,0,0,0,1,0,1,0,0,0,0,0,0,0,0,0,0,1
631,0,0,0,0,0,0,1,0,1,0,0,0,0,0,0,0,0,0,0,1
632,0,0,0,0,0,1,0,0,1,0,0,0,0,0,0,0,0,0,0,1
633,1,0,0,0,0,1,0,0,1,0,0,0,0,0,0,0,0,0,0,1
634,1,0,0,0,0,1,0,0,1,0,0,0,0,0,0,0,0,0,0,1
635,0,0,0,0,0,1,0,0,1,0,0,0,0,0,0,0,0,0,0,1
636,0,0,0,0,0,1,0,0,1,0,0,0,0,0,0,0,0,0,0,1
637,0,0,0,1,0,1,0,0,1,0,0,0,0,0,0,0,0,0,0,1
638,0,1,0,1,0,1,0,0,1,0,0,0,0,0,0,0,0,0,0,1
639,0,1,0,1,0,1,0,0,1,0,0,0,0,0,0,0,0,0,0,1
640,0,0,0,1,0,1,0,0,1,0,0,0,0,0,0,0,0,0,0,1
641,0,0,0,0,1,0,0,0,0,0,0,0,0,0,0,0,0,0,0,1
642,0,0,0,0,1,0,0,0,0,0,0,0,0,0,0,0,0,0,0,1
643,0,0,0,0,1,0,0,0,0,0,0,0,0,0,0,0,0,0,0,1
644,1,0,0,0,1,0,0,0,0,0,0,0,0,0,0,0,0,0,0,1
645,1,0,0,0,0,0,0,0,0,0,0,0,0,0,0,0,0,0,0,1
646,1,0,1,0,0,0,0,0,0,0,1,0,0,0,0,0,0,0,0,1
647,0,1,1,0,0,0,0,0,0,0,1,0,0,0,0,0,0,0,0,1
648,0,1,1,0,0,0,0,0,0,0,1,0,0,0,0,0,0,0,0,1
649,0,1,0,0,1,0,0,0,0,0,1,0,0,0,0,0,0,0,0,1
650,1,0,0,0,1,0,0,0,0,0,1,1,0,0,0,0,0,0,0,1
651,1,0,0,0,1,0,0,0,0,0,1,1,0,0,0,0,0,0,0,1
652,0,0,0,0,1,0,0,0,0,0,1,1,0,0,0,0,0,0,0,1
653,0,0,0,0,1,0,0,0,0,0,1,1,0,0,0,0,0,0,0,1
654,0,0,0,0,1,0,0,0,0,0,1,1,0,0,0,0,0,0,0,1
655,0,0,0,0,1,0,0,0,0,0,1,1,0,0,0,0,0,0,0,1
656,0,0,0,0,1,0,0,0,0,0,1,1,0,0,0,0,0,0,0,1
657,0,0,0,0,0,0,0,0,0,0,1,1,0,0,0,0,0,0,0,1
658,0,0,0,0,0,0,0,0,0,0,1,1,0,0,0,0,0,0,0,1
659,0,1,0,0,0,0,0,0,0,0,1,1,0,0,0,0,0,0,0,1
660,0,1,0,0,0,0,0,0,0,0,1,1,0,0,0,0,0,0,0,1
661,0,1,0,0,0,0,0,0,0,0,1,1,0,0,0,0,0,0,0,1
662,0,0,0,0,0,0,0,0,0,0,1,1,0,0,0,0,0,0,0,1
663,0,0,0,0,0,0,0,0,0,0,1,1,0,0,0,0,0,0,0,1
664,0,0,0,0,0,0,0,0,0,0,1,1,0,0,0,0,0,0,0,1
665,0,0,0,0,0,0,0,0,0,0,1,1,0,0,0,0,0,0,0,1
666,0,0,0,0,0,0,0,0,0,0,1,1,0,0,0,0,0,0,0,1
667,0,0,0,0,0,0,0,0,0,0,1,1,0,0,0,0,0,0,0,1
668,0,0,0,0,0,0,0,0,0,0,1,1,0,0,0,0,0,0,0,1
669,0,0,0,0,0,0,0,0,0,0,1,1,0,0,0,0,0,0,0,1
670,0,0,0,0,0,0,0,0,0,0,1,1,0,0,0,0,0,0,0,1
671,0,0,0,0,0,0,0,0,0,0,1,1,0,0,0,0,0,0,0,1
672,1,0,0,0,0,0,0,0,0,0,0,1,0,0,0,0,0,0,0,1
673,1,0,0,0,0,0,0,0,0,0,0,1,0,0,0,0,0,0,0,1
674,0,0,1,0,0,1,0,0,0,0,0,1,0,0,0,0,0,0,0,1
675,1,0,1,0,0,1,0,0,0,0,0,1,0,0,0,0,0,0,0,1
676,1,1,1,0,0,1,0,0,0,0,0,1,0,0,0,0,0,0,0,1
677,1,1,0,0,0,1,0,0,0,0,0,1,0,0,0,0,0,0,0,1
678,0,1,0,0,0,1,0,0,0,0,0,1,0,0,0,0,0,0,0,1
679,0,1,0,0,0,1,0,0,0,0,0,1,0,0,0,0,0,0,0,1
680,0,1,0,0,0,1,0,0,0,0,0,1,0,0,0,0,0,0,0,1
681,0,0,0,0,0,1,0,0,0,0,0,1,0,0,0,0,0,0,0,1
682,0,0,0,0,0,1,0,0,0,0,0,1,0,0,0,0,0,0,0,1
683,0,0,0,0,0,0,0,0,0,0,1,1,0,0,0,0,0,0,0,1
684,0,0,0,0,0,0,0,0,0,0,1,1,0,0,0,0,0,0,0,1
685,0,0,0,0,0,0,0,0,0,0,1,1,0,0,0,0,0,0,0,1
686,0,0,0,0,0,0,0,0,0,0,1,1,0,0,0,0,0,0,0,1
687,0,1,0,0,0,1,0,0,0,0,1,1,0,0,0,0,0,0,0,1
688,1,1,0,0,0,1,0,0,0,0,1,1,0,0,0,0,0,0,0,1
689,1,1,0,0,1,1,0,0,0,0,1,1,0,0,0,0,0,0,0,1
690,0,1,0,1,1,1,0,0,0,0,1,1,0,0,0,0,0,0,0,1
691,0,1,0,1,1,1,0,0,0,0,1,1,0,0,0,0,0,0,0,1
692,1,1,0,1,1,1,0,0,0,0,1,1,0,0,0,0,0,0,0,1
693,1,1,0,1,0,1,0,0,0,0,1,1,0,0,0,0,0,0,0,1
694,1,1,0,0,0,1,0,0,0,0,1,1,0,0,0,0,0,0,0,1
695,0,0,0,0,0,1,0,0,1,0,0,1,0,0,0,0,0,0,0,1
696,0,0,1,0,0,1,0,0,1,0,0,1,0,0,0,0,0,0,0,1
697,0,1,1,0,0,1,0,0,1,0,0,0,0,0,0,0,0,0,0,1
698,0,1,1,0,0,0,0,0,1,0,0,0,0,0,0,0,0,0,0,1
699,1,1,1,0,0,0,0,0,1,0,0,0,0,0,0,0,0,0,0,1
700,1,1,1,0,0,0,0,0,1,0,0,0,0,0,0,0,0,0,0,1
701,0,0,0,0,0,0,0,0,1,0,0,0,0,0,0,0,0,0,0,1
702,0,0,0,0,0,0,0,0,1,0,0,0,0,0,0,0,0,0,0,1
703,0,1,0,0,0,0,0,0,1,0,0,0,0,0,0,0,0,0,0,1
704,0,1,0,0,0,0,0,0,1,0,0,0,0,0,0,0,0,0,0,1
705,1,1,0,0,0,0,0,0,1,0,0,0,0,0,0,0,0,0,0,1
706,1,1,0,0,0,0,0,0,1,0,0,0,0,0,0,0,0,0,0,1
707,1,0,0,0,0,0,1,0,1,0,0,0,1,0,0,0,0,0,0,1
708,0,1,0,0,0,0,1,0,1,0,0,0,1,0,0,0,0,0,0,1
709,0,1,0,0,0,0,1,0,1,0,0,0,1,0,0,0,0,0,0,1
710,0,1,0,0,0,0,1,0,1,0,0,0,1,0,0,0,0,0,0,1
711,0,1,1,0,0,0,1,0,1,0,0,0,1,0,0,0,0,0,0,1
712,1,1,1,0,0,0,1,0,1,0,0,0,1,0,0,0,0,0,0,1
713,1,0,1,0,0,0,1,0,1,0,0,0,1,0,0,0,0,0,0,1
714,1,0,1,0,0,0,1,0,1,0,0,0,1,0,0,0,0,0,0,1
715,0,0,0,1,0,0,1,0,1,0,0,0,1,0,0,0,0,0,0,1
716,0,0,0,1,0,0,1,0,1,0,0,0,1,0,0,0,0,0,0,1
717,0,0,0,1,0,0,1,0,1,0,0,0,1,0,0,0,0,0,0,1
718,0,0,0,1,0,0,1,0,1,0,0,0,1,0,0,0,0,0,0,1
719,0,0,0,0,0,0,1,0,1,0,0,0,1,0,0,0,0,0,0,1
720,0,0,0,0,0,0,1,0,1,0,0,0,1,0,0,0,0,0,0,1
721,0,0,0,0,0,0,1,0,1,0,0,0,1,0,0,0,0,0,0,1
722,0,0,0,0,0,0,0,0,1,0,0,0,1,0,0,0,0,0,0,1
723,0,0,0,0,0,0,0,0,1,0,0,0,1,0,0,0,0,0,0,1
724,0,0,0,0,0,0,0,0,1,0,0,0,1,0,0,0,0,0,0,1
725,0,0,0,0,0,0,0,0,1,0,0,0,1,0,0,0,0,0,0,1
726,1,0,0,0,0,0,0,0,1,0,0,0,1,0,0,0,0,0,0,1
727,1,0,0,0,0,0,0,0,1,0,0,0,1,0,0,0,0,0,0,1
728,1,0,1,0,0,0,0,0,1,0,0,0,0,0,0,0,0,0,0,1
729,0,0,1,1,0,0,0,0,0,0,0,0,0,1,0,0,0,0,0,1
730,0,0,0,1,0,0,0,0,0,0,0,0,0,1,0,0,0,0,0,1
731,1,0,0,0,0,0,0,0,0,0,0,0,0,1,0,0,0,0,0,1
732,1,0,0,0,0,0,0,0,0,0,0,0,0,1,0,0,0,0,0,1
733,1,0,1,0,0,0,0,0,0,0,0,0,0,1,0,0,0,0,0,1
734,0,1,1,0,0,0,0,0,0,0,0,0,0,1,0,0,0,0,0,1
735,0,1,1,0,0,0,0,0,0,0,0,0,0,1,0,0,0,0,0,1
736,0,1,1,0,0,0,0,0,0,0,1,0,0,1,0,0,0,0,0,1
737,0,1,0,1,0,0,0,0,0,0,1,0,0,1,0,0,0,0,0,1
738,0,0,0,1,1,0,0,0,0,0,1,0,0,1,0,0,0,0,0,1
739,0,0,0,1,1,0,0,0,0,0,1,0,0,1,0,0,0,0,0,1
740,0,0,1,0,1,0,0,0,0,0,1,0,0,1,0,0,0,0,0,1
741,0,0,1,0,1,0,0,0,0,0,1,0,0,1,0,0,0,0,0,1
742,0,0,1,0,1,0,1,0,0,0,1,0,0,1,0,0,0,0,0,1
743,0,0,0,0,1,0,1,0,0,0,1,0,0,1,0,0,0,0,0,1
744,0,0,0,0,1,0,1,0,0,0,1,0,0,1,0,0,0,0,0,1
745,0,0,0,1,1,0,1,0,0,0,1,0,0,1,0,0,0,0,0,1
746,0,0,0,1,1,0,1,0,0,0,1,0,0,1,0,0,0,0,0,1
747,1,0,0,1,0,0,1,0,0,0,1,0,0,1,0,0,0,0,0,1
748,1,0,0,1,0,0,1,0,0,0,1,0,0,1,0,0,0,0,0,1
749,0,0,0,1,0,0,1,0,1,0,1,0,0,1,0,0,0,0,0,1
750,0,0,0,0,0,0,1,0,1,0,1,0,0,1,0,0,0,0,0,1
751,1,0,0,0,0,0,1,0,1,0,1,0,0,1,0,0,0,0,0,1
752,1,0,0,0,0,0,1,0,1,0,1,0,0,1,0,0,0,0,0,1
753,0,0,0,1,0,0,1,0,1,0,1,0,0,1,0,0,0,0,0,1
754,1,0,0,1,0,0,1,0,1,0,1,0,0,1,0,0,0,0,0,1
755,1,0,0,1,0,0,1,0,1,0,1,0,0,1,0,0,0,0,0,1
756,0,0,0,0,0,0,1,0,1,0,1,0,0,1,1,0,0,0,0,1
757,0,0,0,0,0,0,1,0,0,0,1,0,0,1,1,0,0,0,0,1
758,0,1,1,0,0,0,1,0,0,0,1,0,0,1,1,0,0,0,0,1
759,0,1,1,0,0,0,1,0,0,0,1,0,0,1,1,0,0,0,0,1
760,1,1,0,0,0,0,1,0,0,0,1,0,0,1,1,0,0,0,0,1
761,1,1,0,0,0,0,1,0,0,0,1,0,0,1,1,0,0,0,0,1
762,1,0,0,0,0,0,1,0,0,0,1,0,0,1,1,0,0,0,0,1
763,0,1,0,0,0,0,1,0,0,0,1,0,0,1,1,0,0,0,0,1
764,0,1,0,0,0,0,1,0,0,0,1,0,0,1,1,0,0,0,0,1
765,1,1,0,0,0,0,1,0,0,0,1,0,0,1,1,0,0,0,0,1
766,1,1,0,0,0,0,1,0,1,0,1,0,0,1,1,0,0,0,0,1
767,1,1,0,0,0,0,1,0,1,0,1,0,0,1,1,0,0,0,0,1
768,0,1,0,0,0,0,0,0,1,0,1,0,0,1,1,0,0,0,0,1
769,0,1,0,0,0,0,0,0,1,0,1,0,0,1,1,0,0,0,0,1
770,0,0,1,0,0,0,0,0,1,0,1,0,0,1,1,0,0,0,0,1
771,0,0,1,0,0,0,0,0,1,0,1,0,0,1,1,0,0,0,0,1
772,0,0,1,0,0,0,0,0,1,0,0,0,0,1,1,0,0,0,0,1
773,1,0,1,0,0,0,0,0,1,0,0,0,0,1,1,0,0,0,0,1
774,1,0,1,0,0,0,0,0,1,0,0,0,0,1,1,0,0,0,0,1
775,0,0,0,0,0,0,0,0,0,0,0,0,0,1,1,0,0,0,0,1
776,0,0,0,0,0,0,0,0,0,0,0,0,0,1,1,0,0,0,0,1
777,0,0,0,0,0,0,0,0,0,0,0,0,0,1,1,0,0,0,0,1
778,0,0,0,0,0,0,0,0,1,0,0,0,0,1,1,0,0,0,0,1
779,0,0,0,0,0,0,0,0,1,0,0,0,0,1,1,0,0,0,0,1
780,1,0,0,0,0,0,0,0,1,0,0,0,0,1,1,0,0,0,0,1
781,1,0,0,0,0,0,0,0,1,0,0,0,0,1,1,0,0,0,0,1
782,0,0,0,0,0,0,0,0,1,0,0,0,0,1,1,0,0,0,0,1
783,0,0,0,0,0,0,0,0,1,0,0,0,0,1,1,0,0,0,0,1
784,0,0,0,0,0,0,0,0,0,0,0,0,0,1,1,0,0,0,0,1
785,0,0,0,0,0,0,0,0,0,0,0,0,0,1,1,0,0,0,0,1
786,0,0,0,0,0,0,0,0,0,0,0,0,0,1,1,0,0,0,0,1
787,1,0,0,0,0,0,0,0,0,0,0,0,0,1,1,0,0,0,0,1
788,1,0,0,0,0,0,0,1,0,0,0,0,0,1,1,0,0,0,0,1
789,1,0,0,0,0,0,0,1,0,0,0,0,0,0,1,0,0,0,0,1
790,1,0,0,0,0,0,0,1,0,0,0,0,0,0,1,0,0,0,0,1
791,1,0,0,0,0,0,1,1,0,0,0,0,0,0,1,0,0,0,0,1
792,1,0,0,0,0,0,1,1,0,0,0,0,0,0,1,0,0,0,0,1
793,0,0,0,0,0,1,1,1,0,0,0,0,0,0,1,0,0,0,0,1
794,0,0,0,0,0,1,1,1,0,0,0,0,0,0,1,0,0,0,0,1
795,0,0,0,0,0,1,1,1,0,0,0,0,0,0,1,0,0,0,0,1
796,0,0,0,0,0,0,1,1,0,0,0,0,0,0,1,0,0,0,0,1
797,0,0,0,0,0,0,1,1,0,0,0,0,0,0,1,0,0,0,0,1
798,0,0,0,0,0,0,1,1,0,0,0,0,0,0,1,0,0,0,0,1
799,1,0,0,0,0,0,1,1,0,0,0,0,0,0,1,0,0,0,0,1
800,1,0,0,0,0,0,1,1,0,0,0,0,0,0,1,0,0,0,0,1
801,1,0,0,0,0,0,1,1,0,0,0,0,0,0,1,0,0,0,0,1
802,0,1,0,1,0,0,1,1,0,0,0,0,0,0,1,0,0,0,0,1
803,0,1,0,1,0,0,1,1,0,0,0,0,0,0,1,0,0,0,0,1
804,0,1,0,1,0,0,1,0,0,0,0,0,0,0,1,0,0,0,0,1
805,0,1,0,1,0,0,1,0,0,1,0,0,0,0,1,0,0,0,0,1
806,0,1,0,0,0,0,1,0,0,1,0,0,0,0,1,0,0,0,0,1
807,0,0,0,0,0,0,1,0,0,1,0,0,0,0,1,0,0,0,0,1
808,0,0,0,0,0,0,1,0,0,1,0,0,0,0,1,0,0,0,0,1
809,0,1,0,0,0,0,1,0,0,1,0,0,0,0,1,0,0,0,0,1
810,1,1,0,0,0,0,1,0,0,1,0,0,0,0,1,0,0,0,0,1
811,1,1,0,0,0,0,1,0,0,1,0,0,0,0,1,0,0,0,0,1
812,1,1,0,0,0,0,1,0,0,1,0,0,0,0,1,0,0,0,0,1
813,0,0,0,0,0,0,1,0,0,1,0,0,0,0,1,0,0,0,0,1
814,0,0,1,0,0,0,1,0,0,1,0,0,0,0,1,0,0,0,0,1
815,0,0,1,0,0,0,1,0,0,1,0,0,0,0,1,0,0,0,0,1
816,0,0,0,0,0,0,1,0,0,1,0,0,0,0,1,0,0,0,0,1
817,0,0,0,0,0,0,1,0,0,1,0,0,0,0,1,0,0,0,0,1
818,0,0,0,0,0,0,1,0,0,1,0,0,0,0,1,0,0,0,0,1
819,1,0,0,0,0,0,1,0,0,1,0,0,0,0,1,0,0,0,0,1
820,1,0,0,0,0,0,0,0,0,1,0,0,0,0,1,0,0,0,0,1
821,0,0,0,0,0,0,0,0,0,1,0,0,0,0,1,0,0,0,0,1
822,0,0,0,0,0,0,0,0,0,1,0,0,0,0,1,0,0,0,0,1
823,1,0,0,0,0,0,0,0,0,1,0,1,0,0,1,0,0,0,0,1
824,1,1,0,0,0,0,0,0,0,1,0,1,0,0,1,0,0,0,0,1
825,0,1,0,0,0,0,0,0,0,0,0,1,0,0,1,0,0,0,0,1
826,0,0,0,0,0,0,0,0,0,0,0,1,0,0,1,0,0,0,0,1
827,0,0,0,0,0,0,1,0,0,0,0,1,0,0,1,0,0,0,0,1
828,0,0,0,0,0,0,1,0,0,0,0,1,0,0,1,0,0,0,0,1
829,1,0,0,0,0,1,1,0,0,0,0,1,0,0,1,0,0,0,0,1
830,1,0,0,0,0,1,1,0,0,0,0,1,0,0,1,0,0,0,0,1
831,1,1,0,0,0,1,1,0,0,0,1,1,0,0,1,0,0,0,0,1
832,0,1,0,0,0,1,1,0,0,0,1,1,0,0,1,0,0,0,0,1
833,0,1,0,0,0,1,1,0,0,0,1,1,1,0,1,0,1,0,0,1
834,0,1,0,0,0,1,1,0,0,0,1,1,1,0,1,0,1,0,0,1
835,0,0,1,0,0,1,1,0,0,0,1,1,1,0,1,0,1,0,0,1
836,1,0,1,0,0,1,1,0,0,0,1,1,1,0,1,0,1,0,0,1
837,1,0,1,0,0,1,1,0,0,0,1,1,1,0,1,0,1,0,0,1
838,0,0,0,0,0,0,1,0,0,0,1,1,1,0,1,0,1,0,0,1
839,0,0,0,0,1,0,1,0,0,0,1,1,1,0,1,0,1,0,0,1
840,0,0,0,1,1,0,1,0,0,0,1,1,1,0,1,0,1,0,0,1
841,0,0,0,1,1,0,1,0,0,0,1,1,1,0,1,0,1,0,0,1
842,0,0,0,1,1,0,1,0,0,1,1,1,1,0,1,0,1,0,0,1
843,1,0,0,1,1,0,1,0,0,1,1,1,1,0,1,0,1,0,0,1
844,1,0,0,1,1,0,1,0,0,1,1,1,1,0,1,0,1,0,0,1
845,1,0,1,0,1,0,1,0,0,1,1,1,1,0,1,0,1,0,0,1
846,1,0,1,0,0,0,1,0,0,1,1,1,1,0,1,0,1,0,0,1
847,1,0,1,0,0,0,1,0,0,1,1,1,1,0,1,0,1,0,0,1
848,0,1,0,0,0,0,1,0,0,1,1,1,1,0,1,0,1,0,0,1
849,0,1,0,0,0,0,1,0,0,1,1,1,1,0,1,0,1,0,0,1
850,0,1,1,0,0,0,1,0,0,1,1,1,1,0,1,0,1,0,0,1
851,0,1,1,0,0,0,0,0,0,1,1,1,1,0,1,0,1,0,0,1
852,0,1,0,0,0,1,0,0,0,1,1,1,1,0,1,0,1,0,0,1
853,1,0,0,1,0,1,0,0,0,1,1,1,1,0,1,0,1,0,0,1
854,1,0,0,1,0,1,0,0,0,1,1,1,1,0,1,0,1,0,0,1
855,0,0,0,1,0,1,0,0,0,1,1,1,1,0,1,0,1,0,0,1
856,0,0,0,1,0,0,0,0,0,1,1,1,1,0,1,0,1,0,0,1
857,0,0,1,1,0,0,0,0,0,1,1,1,1,0,1,0,1,0,0,1
858,0,0,1,0,0,1,0,0,0,1,1,1,1,0,1,0,1,0,0,1
859,1,0,1,0,0,1,0,1,0,1,1,1,1,0,1,0,1,0,0,1
860,1,0,1,0,0,1,0,1,0,1,1,1,1,0,1,0,1,0,0,1
861,1,0,0,0,0,1,0,1,0,0,1,1,1,0,1,0,1,0,0,1
862,0,0,0,0,0,1,0,1,0,0,1,0,1,0,1,0,1,0,0,1
863,0,0,0,0,0,1,0,1,0,0,1,0,1,0,1,0,1,0,0,1
864,0,0,0,0,0,1,0,1,0,0,1,0,1,0,0,0,1,0,0,1
865,0,0,0,0,0,1,1,1,0,0,1,0,1,0,0,0,1,0,0,1
866,0,0,0,0,0,0,1,1,0,0,1,0,1,0,0,0,1,0,0,1
867,1,0,0,0,0,0,1,1,0,0,1,0,1,0,0,0,1,0,0,1
868,1,1,0,0,0,0,1,1,0,0,1,0,1,0,0,0,1,0,0,1
869,0,1,0,0,0,0,1,1,0,0,1,0,1,0,0,0,1,0,0,1
870,0,0,0,0,0,0,1,1,0,0,1,0,1,0,0,0,1,0,0,1
871,0,0,0,0,0,1,0,1,0,0,1,0,1,0,0,0,1,0,0,1
872,0,0,0,0,0,1,0,1,0,0,1,0,1,0,0,0,1,0,0,1
873,0,0,0,0,0,1,0,1,0,0,1,0,1,0,0,0,1,0,0,1
874,0,0,0,0,0,0,0,0,0,0,1,0,1,0,0,0,1,0,0,1
875,0,0,1,0,0,0,0,0,0,0,1,0,1,0,0,0,1,0,0,1
876,0,0,1,0,0,0,0,0,0,0,1,0,1,0,0,0,1,0,0,1
877,0,0,0,0,0,1,0,0,0,0,1,0,1,0,0,0,1,0,0,1
878,1,0,0,0,0,1,1,0,0,0,0,0,1,0,0,0,1,0,0,1
879,1,0,0,0,0,1,1,0,0,0,0,0,1,0,0,0,1,0,0,1
880,1,0,0,0,0,1,1,0,0,0,0,0,1,0,0,0,1,0,0,1
881,1,0,0,0,0,1,1,0,0,0,0,0,1,0,0,0,1,0,0,1
882,0,0,0,0,0,1,1,0,0,0,0,0,1,0,0,0,1,0,0,1
883,0,0,0,0,0,1,1,0,0,0,0,0,1,0,0,0,1,0,0,1
884,0,0,0,0,0,1,1,0,0,0,0,0,1,0,0,0,1,0,0,1
885,0,0,0,1,0,1,1,0,0,0,0,0,1,0,0,0,1,0,0,1
886,1,0,1,1,0,1,1,0,0,0,0,0,1,0,0,0,1,0,0,1
887,1,0,1,1,0,1,1,0,0,0,0,0,1,0,0,0,1,0,0,1
888,1,0,1,1,0,1,1,0,0,0,0,0,1,0,0,0,1,0,0,1
889,1,0,1,0,0,1,1,0,0,0,0,0,1,0,0,0,1,0,0,1
890,1,0,1,1,0,0,0,0,0,0,0,0,1,0,0,0,1,0,0,1
891,0,0,0,1,0,0,0,0,0,0,0,0,1,0,0,0,1,0,0,1
892,0,0,0,1,0,0,0,0,0,0,0,0,1,0,0,0,1,0,0,1
893,0,1,0,0,0,0,0,0,0,0,0,0,1,0,0,0,1,0,0,1
894,0,1,0,0,0,0,0,0,0,0,0,0,1,0,0,0,1,0,0,1
895,0,1,0,0,0,0,0,0,0,0,0,0,1,0,0,0,1,0,0,1
896,0,1,0,0,0,0,0,0,0,0,0,0,1,0,0,0,1,0,0,1
897,0,0,0,0,0,0,0,0,0,0,0,0,1,0,0,0,1,0,0,1
898,0,1,0,0,0,0,0,0,0,0,0,0,1,0,0,0,1,0,0,1
899,0,1,0,0,0,0,0,0,0,0,0,0,1,0,0,0,1,0,0,1
900,0,0,0,0,0,0,0,0,0,0,0,0,1,0,0,0,1,0,0,1
901,0,0,0,0,0,0,0,0,0,0,0,0,1,0,0,0,1,0,0,1
902,0,1,0,0,0,0,0,0,0,0,0,0,1,0,0,0,1,0,0,1
903,1,1,0,0,0,0,0,0,0,0,0,0,1,0,0,0,1,0,0,1
904,1,0,0,0,0,0,0,0,0,0,0,0,1,0,0,0,1,0,0,1
905,1,0,0,1,0,0,0,0,0,0,0,0,1,0,0,0,1,0,0,1
906,0,0,0,1,0,0,0,0,0,0,0,0,1,0,0,0,1,0,0,1
907,0,0,0,1,0,0,0,0,0,0,0,0,1,0,0,0,1,0,0,1
908,0,0,0,1,0,0,0,0,0,0,0,0,1,0,0,0,1,0,0,1
909,0,0,0,0,0,0,0,0,0,0,0,0,1,0,0,0,1,0,0,1
910,0,0,0,0,0,0,0,0,0,0,0,0,1,0,0,0,1,0,0,1
911,0,0,0,0,0,0,0,0,0,0,0,0,1,0,0,0,1,0,0,1
912,1,0,0,0,0,0,0,0,0,0,0,0,1,0,0,0,1,0,0,1
913,1,0,1,0,0,0,0,0,0,0,0,0,1,0,0,0,1,0,0,1
914,0,0,1,0,0,0,0,0,0,0,0,0,1,0,0,0,1,0,0,1
915,0,0,1,0,0,0,0,0,0,0,0,0,1,0,0,0,1,0,0,1
916,1,0,0,0,0,0,0,0,0,0,0,0,1,0,0,0,1,0,0,1
917,1,0,0,1,0,0,0,0,0,0,0,0,1,0,0,0,1,0,0,1
918,1,0,0,1,0,0,0,0,0,0,0,0,1,0,0,0,1,0,0,1
919,1,0,0,1,0,1,0,0,0,0,0,0,1,0,0,0,1,0,0,1
920,0,0,0,0,0,1,0,0,0,0,0,0,1,0,0,0,1,0,0,1
921,1,0,0,0,0,1,0,0,0,0,0,0,1,0,0,0,1,0,0,1
922,1,0,0,0,0,1,0,0,0,0,0,0,0,0,0,0,1,0,0,1
923,1,0,0,0,0,1,0,0,0,0,0,0,0,0,0,0,1,0,0,1
924,1,0,0,0,0,0,0,0,0,0,0,0,0,0,0,0,1,0,0,1
925,1,0,0,0,0,0,0,0,1,0,0,0,0,0,0,0,1,0,0,1
926,0,0,1,0,0,0,0,0,1,0,0,0,0,0,0,0,1,0,0,1
927,1,0,1,0,0,0,0,0,1,0,0,0,0,0,0,0,1,0,0,1
928,1,1,0,0,0,0,0,0,1,0,0,0,0,0,0,0,1,0,0,1
929,1,1,0,0,0,0,0,0,1,0,0,0,0,0,0,0,1,0,0,1
930,0,0,1,0,0,0,0,0,1,0,0,0,0,0,0,0,1,0,0,1
931,0,0,1,0,0,1,0,0,1,0,0,0,0,0,0,0,1,0,0,1
932,0,0,1,0,0,1,0,0,1,0,0,0,0,0,0,0,1,0,0,1
933,0,0,1,0,0,1,0,0,1,0,0,0,0,0,0,0,1,0,0,1
934,0,0,1,0,0,1,0,0,1,0,0,0,0,0,0,0,1,0,0,1
935,1,0,0,0,0,1,0,0,1,0,0,0,0,0,0,0,1,0,0,1
936,1,0,0,0,0,1,0,0,1,0,0,0,0,0,0,0,1,0,0,1
937,0,1,0,0,0,1,0,0,1,0,0,0,0,0,0,0,1,0,0,1
938,0,1,0,0,0,1,0,0,1,0,0,0,0,0,0,0,1,0,0,1
939,0,1,0,0,0,1,0,0,1,0,0,0,0,0,0,0,1,0,0,1
940,0,1,0,0,0,0,0,0,1,0,0,0,0,0,0,0,1,0,0,1
941,0,1,0,0,0,0,0,0,1,0,0,0,0,0,0,0,1,0,0,1
942,0,0,0,0,0,0,0,0,1,0,0,0,0,0,0,0,1,0,0,1
943,0,0,0,0,0,0,0,0,1,0,0,0,0,0,0,0,1,0,0,1
944,0,0,0,0,0,0,0,0,1,0,0,0,0,0,0,0,1,0,0,1
945,1,0,0,0,0,0,0,0,1,0,0,0,0,0,0,0,1,0,0,1
946,1,0,0,0,0,0,0,0,1,0,0,0,0,0,0,0,1,0,0,1
947,1,0,0,0,0,0,0,0,1,0,0,0,0,0,0,0,1,0,0,1
948,0,0,0,0,0,0,0,0,1,0,0,0,0,0,0,0,0,0,0,1
949,0,0,1,0,0,0,0,0,1,0,0,0,0,0,0,0,0,0,0,1
950,0,1,1,0,0,0,0,0,1,0,0,0,0,0,0,0,0,0,0,1
951,1,1,1,0,0,0,0,0,1,0,0,0,0,0,0,0,0,0,0,1
952,1,0,0,0,0,0,0,0,1,0,0,0,0,0,0,0,0,0,0,1
953,1,0,0,0,0,0,0,0,1,0,0,0,0,0,0,0,0,0,0,1
954,1,1,0,0,0,0,0,0,1,0,1,0,0,0,0,0,0,0,0,1
955,0,1,0,0,0,0,0,0,0,0,1,0,0,0,0,0,0,0,0,1
956,0,1,0,0,0,0,0,0,0,0,1,0,0,0,0,0,0,0,0,1
957,0,0,0,0,0,0,0,0,0,0,1,0,0,0,0,0,0,0,0,1
958,0,1,0,0,0,0,0,0,0,0,1,0,0,0,0,0,0,0,0,1
959,1,1,0,0,0,0,0,0,0,0,1,0,0,0,0,0,0,0,0,1
960,1,1,0,0,0,0,0,0,0,0,1,0,0,0,0,0,0,0,0,1
961,1,1,0,0,0,0,0,0,0,0,1,0,0,0,0,0,0,0,0,1
962,0,1,0,0,0,0,0,0,0,0,1,0,0,0,0,0,0,0,0,1
963,1,0,0,0,0,0,0,0,1,0,1,0,0,0,0,0,0,0,0,1
964,1,0,0,0,0,0,0,0,1,0,1,0,0,0,0,0,0,0,0,1
965,1,0,1,0,0,0,0,0,1,0,1,0,0,0,0,0,0,0,0,1
966,0,0,1,0,0,0,0,0,1,0,1,0,0,0,0,0,0,0,0,1
967,0,0,1,0,0,0,0,0,1,1,1,0,0,0,0,0,0,0,0,1
968,1,0,1,0,0,0,0,0,1,1,1,0,0,0,0,0,0,0,0,1
969,1,0,0,0,1,0,0,0,1,1,1,0,1,0,0,0,0,0,0,1
970,1,1,0,0,1,0,0,0,1,1,1,0,1,0,0,0,0,0,0,1
971,1,1,0,1,0,0,0,0,1,1,1,0,1,0,0,0,0,0,0,1
972,1,1,0,1,1,0,0,0,1,1,1,0,1,0,0,0,0,0,0,1
973,0,0,0,1,1,0,0,0,1,1,1,0,1,0,0,0,0,0,0,1
974,0,0,0,1,1,0,0,0,1,1,1,0,1,0,0,0,0,0,0,1
975,0,0,0,0,1,0,0,0,1,1,1,0,1,0,0,0,0,0,0,1
976,0,0,0,0,0,0,0,0,1,1,1,0,1,0,0,0,0,0,0,1
977,0,1,1,0,1,0,0,0,1,1,1,0,1,0,0,0,0,0,0,1
978,0,1,1,0,1,0,0,0,1,1,1,0,1,0,0,0,0,0,0,1
979,0,0,1,0,1,0,0,0,1,1,1,0,1,0,0,0,0,0,0,1
980,0,0,1,0,1,0,0,0,1,1,0,0,1,0,0,0,0,0,0,1
981,0,0,1,0,1,0,0,0,1,1,0,0,1,0,0,0,0,0,0,1
982,0,0,0,0,1,0,0,0,1,1,0,0,1,0,0,0,0,0,0,1
983,0,0,0,0,1,0,0,0,1,1,0,0,1,0,0,0,0,0,0,1
984,0,0,0,0,1,0,0,0,1,1,0,0,1,0,0,0,0,0,0,1
985,1,0,0,0,1,0,0,0,1,1,0,0,1,0,0,0,0,0,0,1
986,1,0,0,0,0,0,0,0,1,1,0,0,1,0,0,0,0,0,0,1
987,1,0,0,0,0,0,0,0,1,1,0,0,1,0,0,0,0,0,0,1
988,0,0,0,0,0,0,0,0,0,1,0,0,1,0,0,0,0,0,0,1
989,0,0,0,0,0,0,0,0,0,1,0,0,1,0,0,0,0,0,0,1
990,1,0,0,1,0,0,0,0,0,1,0,0,1,0,0,0,0,0,0,1
991,1,0,0,1,0,0,0,0,1,1,0,0,1,0,0,0,0,0,0,1
992,0,0,0,0,0,0,0,0,1,1,1,0,1,0,0,0,0,0,0,1
993,0,0,0,0,0,0,0,0,1,1,1,0,1,0,0,0,0,0,0,1
994,1,0,0,0,0,0,0,0,1,0,1,0,1,0,0,0,0,0,0,1
995,1,0,1,0,0,0,0,0,1,0,1,0,1,0,0,0,0,0,0,1
996,1,0,1,0,0,0,0,0,1,0,1,0,1,0,0,0,0,0,0,1
997,0,0,0,0,0,0,0,0,1,0,1,0,1,0,0,0,0,0,0,1
998,1,0,0,0,0,0,0,0,1,0,1,0,1,0,0,0,0,0,0,1
999,1,0,0,0,0,0,0,0,1,0,1,0,1,0,0,0,0,0,0,1
1000,0,0,0,0,0,0,0,0,1,0,1,1,1,0,0,0,0,0,0,1
1001,1,0,0,0,0,0,0,0,1,0,1,1,1,0,0,0,0,0,0,1
1002,1,0,0,0,0,0,0,1,1,0,1,1,1,0,0,0,0,0,0,1
1003,1,0,0,0,0,0,0,1,1,0,1,1,1,0,0,0,0,0,0,1
1004,0,0,0,0,0,1,0,1,0,0,1,1,1,0,0,0,0,0,0,1
1005,1,0,0,0,0,1,0,0,0,0,1,1,1,0,0,0,0,0,0,1
1006,1,0,0,0,0,1,0,0,0,0,1,1,1,0,0,0,0,0,0,1
1007,1,0,0,0,0,0,1,0,0,0,1,1,1,0,0,0,0,0,0,1
1008,0,0,1,0,0,0,1,0,0,0,1,1,1,0,0,0,0,0,0,1
1009,0,0,1,1,0,0,1,0,0,0,1,1,1,0,0,0,0,0,0,1
1010,0,0,1,1,0,0,1,0,0,0,1,1,1,0,0,0,0,0,0,1
1011,0,0,0,1,0,0,1,0,0,0,1,1,1,0,0,0,0,0,0,1
1012,0,0,0,1,0,0,1,0,0,0,1,1,1,0,0,0,0,0,0,1
1013,0,0,1,1,0,0,1,0,0,0,1,1,1,0,0,0,0,0,0,1
1014,0,0,1,0,0,0,1,0,0,0,1,1,1,0,0,0,0,0,0,1
1015,0,0,1,0,0,0,1,0,0,0,1,1,1,0,0,0,0,0,0,1
1016,0,0,1,0,0,0,1,0,0,0,1,1,1,0,0,0,0,0,0,1
1017,1,0,1,0,0,0,1,0,0,0,1,1,1,0,0,0,0,0,0,1
1018,1,0,0,0,1,0,1,0,0,0,1,1,1,0,0,0,0,0,0,1
1019,0,0,0,0,1,0,1,0,0,0,1,1,1,0,0,0,0,0,0,1
1020,0,0,0,0,1,0,1,0,0,0,1,1,1,0,0,0,0,0,0,1
1021,0,0,0,0,1,0,1,0,0,0,1,1,1,0,0,0,0,0,0,1
1022,0,0,0,0,0,0,1,0,0,0,0,1,1,0,0,0,0,0,0,1
1023,0,0,0,0,0,0,1,0,0,0,0,1,1,0,0,0,0,0,0,1
1024,0,0,1,0,0,0,1,1,0,0,0,1,1,0,0,0,0,0,0,1
1025,0,0,1,0,0,0,0,1,0,0,0,1,1,0,0,0,0,0,0,1
1026,0,0,1,0,0,0,0,1,0,0,0,1,1,0,0,0,0,0,0,1
1027,0,0,1,0,0,0,0,1,0,0,0,1,1,0,0,0,0,0,0,1
1028,0,0,0,0,0,0,0,1,0,0,0,1,1,0,0,0,0,0,0,1
1029,0,1,0,0,0,0,0,1,0,0,0,1,1,0,0,0,0,0,0,1
1030,0,1,0,0,0,0,0,1,0,0,0,0,1,0,0,0,0,0,0,1
1031,1,1,0,0,1,0,0,1,0,0,0,0,1,0,0,0,0,0,0,1
1032,1,1,0,0,1,0,0,1,0,0,0,0,1,0,0,0,0,0,0,1
1033,1,1,0,0,1,0,0,1,0,0,0,0,1,0,0,0,0,0,0,1
1034,0,0,0,0,1,0,0,0,0,0,0,0,1,0,0,0,0,0,0,1
1035,1,0,0,0,1,0,0,0,0,0,0,0,1,0,0,0,0,0,0,1
1036,1,0,0,0,1,0,0,0,0,0,0,0,1,0,0,0,0,0,0,1
1037,0,0,0,0,1,0,0,0,0,0,0,0,1,0,0,0,0,0,0,1
1038,0,0,0,0,0,0,0,0,0,0,0,0,1,0,0,0,0,0,0,1
1039,0,0,0,0,0,0,0,0,0,0,0,0,1,0,0,0,0,0,0,1
1040,0,0,0,0,0,0,0,0,0,0,0,0,1,0,0,0,0,0,0,1
1041,1,0,0,0,0,0,0,0,0,0,0,0,1,0,0,0,0,0,0,1
1042,1,0,0,0,0,0,0,0,0,0,0,0,1,0,0,0,0,0,0,1
1043,0,0,0,0,0,0,0,0,0,0,0,0,0,0,0,0,0,0,0,1
1044,0,0,0,0,0,0,0,0,0,0,0,0,0,0,0,0,0,0,0,1
1045,0,0,0,0,0,0,0,0,0,0,0,0,0,0,0,0,0,0,0,1
1046,0,0,0,0,0,0,0,0,0,0,0,0,0,0,0,0,0,0,0,1
1047,0,0,0,0,0,0,0,0,0,0,0,0,0,0,0,0,0,0,0,1
1048,0,0,0,0,1,0,0,1,0,0,0,0,0,0,0,0,0,0,0,1
1049,0,0,0,0,1,0,0,1,0,0,0,0,0,0,0,0,0,0,0,1
1050,0,0,0,0,1,0,0,1,0,0,0,0,0,0,0,0,0,0,0,1
1051,0,0,0,0,1,0,0,1,0,0,0,0,0,0,0,0,0,0,0,1
1052,0,0,0,0,1,1,0,1,0,0,0,0,0,0,0,0,0,0,0,1
1053,0,0,1,0,1,1,0,1,0,0,0,0,0,0,0,0,0,0,0,1
1054,0,0,1,0,1,1,0,1,0,0,0,0,0,0,0,0,0,0,0,1
1055,1,0,1,1,1,1,0,1,0,0,0,0,0,0,0,0,0,0,0,1
1056,1,0,1,1,1,1,0,1,0,0,0,0,0,0,0,0,0,0,0,1
1057,0,0,0,1,1,1,0,0,0,0,0,0,0,0,0,0,0,0,0,1
1058,0,0,0,1,0,1,0,0,0,0,0,0,0,0,0,0,0,0,0,1
1059,0,0,0,0,0,1,0,0,0,0,0,0,0,0,0,0,0,0,0,1
1060,0,0,0,0,0,1,0,0,0,0,0,0,0,0,0,0,0,0,0,1
1061,0,1,0,0,0,1,0,0,0,0,0,0,0,0,0,0,0,0,0,1
1062,1,1,0,0,0,1,0,0,0,0,0,0,0,0,0,0,0,0,0,1
1063,1,1,0,0,0,1,0,0,0,0,0,0,0,0,0,0,0,0,0,1
1064,1,1,0,0,0,0,0,0,0,0,0,0,0,0,0,0,0,0,0,1
1065,0,0,0,0,0,0,0,0,0,0,0,0,0,0,0,0,0,0,0,1
1066,0,0,0,0,0,0,0,0,0,0,0,0,0,0,0,0,0,0,0,1
1067,1,1,0,0,0,0,0,0,1,0,0,0,0,0,0,0,0,0,0,1
1068,1,1,0,0,0,0,0,0,1,0,0,0,0,0,0,0,0,0,0,1
1069,1,1,0,0,0,0,0,0,1,0,0,0,0,0,0,0,0,0,0,1
1070,0,1,0,0,0,0,0,0,1,0,0,0,0,0,0,0,0,0,0,1
1071,0,1,0,0,0,0,0,0,1,0,0,0,0,0,0,0,0,0,0,1
1072,0,0,0,0,0,0,0,0,1,0,0,0,0,0,0,0,0,0,0,1
1073,0,0,0,0,0,0,0,0,1,0,0,0,0,0,0,0,0,0,0,1
1074,0,0,0,0,0,0,0,0,1,0,0,0,0,0,0,0,0,0,0,1
1075,0,1,0,0,0,0,0,0,1,0,0,0,0,0,0,0,0,0,0,1
1076,0,1,0,0,0,0,0,0,1,0,0,0,0,0,0,0,0,0,0,1
1077,0,1,0,0,0,0,0,0,1,0,0,0,0,0,0,0,0,0,0,1
1078,0,0,0,0,0,0,0,0,1,0,0,0,0,0,0,0,0,0,0,1
1079,0,0,0,0,0,0,0,0,1,0,0,0,0,0,0,0,0,0,0,0
1080,0,0,0,0,0,0,0,0,1,0,0,0,0,0,0,0,0,0,0,0
1081,0,0,0,0,0,0,0,0,1,0,0,0,0,0,0,0,0,0,0,0
1082,0,0,0,0,0,0,0,0,1,0,0,0,0,0,0,0,0,0,0,0
1083,0,0,0,0,0,0,0,0,1,0,0,0,0,0,0,0,0,0,0,0
1084,0,0,0,0,0,0,0,0,1,0,0,0,0,0,0,0,0,0,0,0
1085,0,0,0,0,0,0,0,0,1,0,0,0,0,0,0,0,0,0,0,0
1086,1,0,0,0,0,0,0,0,1,0,0,0,0,0,0,0,0,0,0,0
1087,1,0,0,0,0,0,0,0,1,0,0,0,0,0,0,0,0,0,0,0
1088,1,0,0,0,0,0,0,0,1,0,0,0,0,0,0,0,0,0,0,0
1089,0,0,0,0,0,0,0,0,1,0,0,0,0,0,0,0,0,0,0,0
1090,0,0,0,0,0,0,0,0,1,0,0,0,0,0,0,0,0,0,0,0
1091,0,0,0,0,0,0,0,0,1,0,0,0,0,0,0,0,0,0,0,0
1092,0,0,0,0,0,0,0,0,1,0,0,0,0,0,0,1,0,0,0,0
1093,0,0,0,0,0,0,0,0,1,0,0,0,0,0,0,1,0,0,0,0
1094,0,0,1,0,0,0,0,0,1,0,0,0,0,0,0,1,0,0,0,0
1095,0,0,1,1,0,0,0,0,1,0,0,0,0,0,0,1,0,0,0,0
1096,1,0,1,1,0,0,0,0,1,0,0,0,0,0,0,1,0,0,0,0
1097,1,0,1,1,0,0,0,0,1,0,0,0,0,0,0,1,0,0,0,0
1098,0,0,1,1,0,0,0,0,1,0,0,0,0,0,0,1,0,0,0,0
1099,0,0,0,1,0,0,0,0,1,0,0,0,0,0,0,1,0,0,0,0
1100,0,0,0,0,0,0,0,0,1,0,0,0,0,0,0,1,0,0,0,0
1101,0,0,0,0,0,0,0,0,1,0,0,0,0,0,0,1,0,0,0,0
1102,0,0,0,0,0,0,0,0,1,0,0,0,0,0,0,1,0,0,0,0
1103,1,0,0,0,0,0,0,0,1,0,0,0,0,0,0,1,0,0,0,0
1104,1,1,0,0,0,0,0,0,1,0,0,0,0,0,0,1,0,0,0,0
1105,0,1,0,0,0,0,0,0,1,0,0,0,0,0,0,1,0,0,0,0
1106,0,0,0,0,0,0,0,0,0,0,0,0,0,0,0,1,0,0,0,0
1107,0,0,0,0,0,0,0,0,0,0,0,0,0,0,0,1,0,0,0,0
1108,0,0,0,0,0,0,0,0,0,0,0,0,0,0,0,1,0,0,0,0
1109,1,0,0,0,0,0,0,0,0,0,0,0,0,0,0,1,0,0,0,0
1110,1,0,1,0,0,0,0,0,0,0,0,0,0,0,0,1,0,0,0,0
1111,0,1,1,0,0,0,0,0,0,0,0,0,0,0,0,1,0,0,0,0
1112,0,1,1,0,1,0,0,0,0,0,0,0,0,0,0,1,0,0,0,0
1113,0,1,1,0,1,0,0,0,0,0,0,0,0,0,0,1,0,0,0,0
1114,0,1,0,0,1,0,0,0,0,0,0,0,0,0,0,1,0,0,0,0
1115,0,1,0,0,1,0,0,0,0,0,0,0,0,0,0,1,0,0,0,0
1116,0,0,0,0,1,0,0,0,0,0,0,0,0,0,0,1,0,0,0,0
1117,0,0,0,0,1,0,0,0,0,0,0,0,0,0,0,1,0,0,0,0
1118,0,0,0,0,1,0,0,0,0,0,0,0,0,0,0,1,0,0,0,0
1119,0,1,0,0,0,0,0,0,0,0,0,0,0,0,0,1,0,0,0,0
1120,0,1,0,0,0,0,0,0,0,0,0,0,0,0,0,1,0,0,0,0
1121,0,1,0,0,0,0,0,0,0,0,0,0,0,0,0,1,0,0,0,0
1122,0,1,0,0,0,0,0,0,0,0,0,0,0,0,0,1,0,0,0,0
1123,1,1,1,0,0,0,0,0,0,0,0,0,0,0,0,1,0,0,0,0
1124,1,0,1,0,0,0,0,0,0,0,0,0,0,0,0,1,0,0,0,0
1125,1,0,1,0,0,0,0,0,0,0,0,0,0,0,0,1,0,0,0,0
1126,0,0,1,0,0,0,0,0,0,0,0,0,0,0,0,1,0,0,0,0
1127,0,0,1,0,0,0,0,0,0,0,0,0,0,0,0,1,0,0,0,0
1128,0,0,0,1,0,0,0,0,0,0,0,0,0,0,0,1,0,0,0,0
1129,0,0,0,1,0,0,0,0,0,0,0,0,0,0,0,1,0,0,0,0
1130,1,0,0,1,0,0,0,0,0,0,0,0,0,0,0,1,0,0,0,0
1131,1,0,0,1,0,0,0,0,0,0,0,0,0,0,0,1,0,0,0,0
1132,1,0,0,0,0,0,0,0,0,0,0,0,0,0,0,1,0,0,0,0
1133,1,0,0,0,0,0,0,0,0,0,0,0,0,0,0,1,0,0,0,0
1134,1,1,0,0,0,0,0,0,0,0,0,0,0,0,0,1,0,0,0,0
1135,1,1,0,0,0,0,0,0,0,0,0,0,0,0,0,1,0,0,0,0
1136,0,0,0,0,0,0,0,0,0,0,0,0,0,0,0,1,0,0,0,0
1137,0,0,0,1,0,0,0,0,0,0,0,0,0,0,0,1,0,0,0,0
1138,0,0,0,1,0,1,0,0,0,0,0,0,1,0,0,1,0,0,0,0
1139,0,0,0,0,0,1,0,0,0,0,0,0,1,0,0,1,0,0,0,0
1140,0,0,0,1,0,1,0,0,0,0,1,0,1,0,0,1,0,0,0,0
1141,0,0,0,1,0,0,0,0,0,0,1,0,1,0,0,1,0,0,0,0
1142,0,1,0,1,0,0,0,0,0,0,1,0,1,0,0,1,0,0,0,0
1143,0,1,0,1,0,0,0,0,0,0,1,0,1,0,0,1,0,0,0,0
1144,1,1,0,1,0,0,0,0,0,0,1,0,1,0,0,1,0,0,0,0
1145,1,1,0,0,0,0,0,0,0,0,1,0,1,0,0,1,0,0,0,0
1146,1,1,0,0,0,0,0,0,0,0,1,0,1,0,0,1,0,0,0,0
1147,0,0,0,0,0,0,0,0,0,0,1,0,1,0,0,1,0,0,0,0
1148,0,0,0,0,0,0,0,0,0,0,1,0,1,0,0,1,0,0,0,0
1149,0,0,0,0,0,0,0,0,0,0,1,0,1,0,0,1,0,0,0,0
1150,0,0,0,0,0,0,0,1,0,0,1,0,1,0,0,1,0,0,0,0
1151,0,0,0,0,0,0,0,1,0,0,1,0,1,0,0,1,0,0,0,0
1152,0,0,0,1,0,0,0,1,0,0,1,0,1,0,0,1,0,0,0,0
1153,0,0,0,1,0,0,0,1,0,0,1,0,1,0,0,1,0,0,0,0
1154,1,0,0,1,0,0,0,1,0,0,1,0,1,0,0,1,0,0,0,0
1155,1,0,0,1,0,0,0,1,0,0,1,0,1,0,0,1,0,0,0,0
1156,0,0,0,1,0,0,0,1,0,0,1,0,1,0,0,1,0,0,0,0
1157,0,0,0,0,0,0,0,1,0,0,1,0,1,0,0,1,0,0,0,0
1158,0,0,0,0,0,0,0,1,0,0,1,0,1,0,0,1,0,0,0,0
1159,0,0,0,0,0,0,0,1,0,0,1,0,1,0,0,1,0,0,0,0
1160,1,1,0,0,0,0,0,1,0,0,1,0,1,0,0,1,0,0,0,0
1161,1,1,0,0,0,0,0,1,0,0,1,0,1,0,0,1,0,0,0,0
1162,1,1,0,0,0,0,0,1,0,0,1,0,1,0,1,1,0,0,0,0
1163,0,1,0,0,0,0,0,1,0,0,1,0,1,0,1,1,0,0,0,0
1164,0,1,0,0,0,0,0,1,0,0,1,0,1,0,1,1,0,0,0,0
1165,0,0,0,0,0,1,0,1,0,0,1,0,1,0,1,1,0,0,0,0
1166,0,0,0,0,0,1,0,1,0,0,1,0,1,0,1,1,0,0,0,0
1167,0,0,0,0,0,1,0,1,0,0,1,0,1,0,1,1,0,0,0,0
1168,0,0,0,0,0,1,0,1,0,0,1,0,1,0,1,1,0,0,0,0
1169,0,0,0,0,0,0,0,1,0,0,1,0,1,0,1,1,0,0,0,0
1170,0,0,0,0,0,0,0,1,0,0,1,0,1,0,1,1,0,0,0,0
1171,0,0,0,0,0,0,0,1,0,0,1,0,1,0,1,1,0,0,0,0
1172,0,0,0,0,0,0,0,1,0,0,1,0,1,0,1,1,0,0,0,0
1173,0,0,0,0,0,0,0,1,0,0,1,0,1,0,1,1,0,0,0,0
1174,1,0,0,0,0,0,0,1,0,0,1,0,1,0,1,1,0,0,0,0
1175,1,0,0,0,0,0,0,1,0,0,1,0,1,0,1,1,0,0,0,0
1176,0,0,1,0,0,0,0,1,0,0,1,0,1,0,1,1,0,0,0,0
1177,0,0,1,1,0,0,0,1,0,0,1,0,1,0,1,1,0,0,0,0
1178,0,0,0,1,0,0,0,1,0,0,1,0,1,0,1,1,0,0,0,0
1179,1,0,0,1,0,0,0,1,0,0,1,0,1,0,1,1,0,0,0,0
1180,1,1,0,0,1,0,0,1,0,0,1,0,1,0,1,1,0,0,0,0
1181,0,1,0,1,1,0,0,1,0,0,1,0,1,0,1,1,0,0,0,0
1182,0,1,0,1,1,0,0,1,0,0,1,0,1,0,1,1,0,0,0,0
1183,0,0,0,1,0,0,0,0,0,0,1,0,1,0,1,1,0,0,0,0
1184,0,0,0,1,0,0,0,0,0,0,1,0,1,0,1,1,0,0,0,0
1185,1,0,0,0,0,0,0,0,0,0,1,0,1,0,1,1,0,0,0,0
1186,1,0,0,0,0,0,0,0,0,0,1,0,1,0,1,1,0,0,0,0
1187,1,0,0,0,0,0,0,0,0,0,1,0,1,0,1,1,0,0,0,0
1188,0,0,0,0,0,0,0,0,0,0,1,0,1,0,1,1,0,0,0,0
1189,0,0,0,0,0,0,0,0,0,0,1,0,1,0,1,1,0,0,0,0
1190,0,0,0,0,0,0,0,0,0,0,1,0,1,0,1,1,0,0,0,0
1191,0,0,0,0,0,0,0,0,0,0,1,0,1,0,1,1,0,0,0,0
1192,0,0,0,1,0,0,0,0,0,0,1,0,1,0,1,1,0,0,0,0
1193,0,0,1,1,0,0,0,0,0,0,0,0,1,0,1,1,0,0,0,0
1194,0,0,1,1,0,0,0,0,0,0,0,0,1,0,1,1,0,0,0,0
1195,0,0,1,1,0,0,0,0,0,0,0,0,1,0,1,1,0,0,0,0
1196,0,0,0,1,0,0,0,0,0,0,0,0,1,0,1,1,0,0,0,0
1197,0,0,0,0,0,0,0,0,0,0,0,0,1,0,1,1,0,0,0,0
1198,0,0,0,1,0,0,0,0,0,0,0,0,1,0,1,1,0,0,0,0
1199,0,0,0,1,0,0,0,0,0,0,0,0,1,0,1,1,0,0,0,0
1200,1,1,0,1,0,0,0,0,0,0,0,0,1,0,1,1,0,0,0,0
1201,1,1,0,0,0,0,0,0,0,0,0,0,1,0,1,1,0,0,0,0
1202,1,1,0,0,0,0,0,0,0,0,0,0,1,0,1,1,0,0,0,0
1203,0,0,0,1,0,0,0,0,0,0,0,0,1,0,1,1,0,0,0,0
1204,1,0,0,1,0,1,0,0,0,0,0,0,1,0,1,1,0,0,0,0
1205,1,0,1,1,0,1,0,0,0,0,0,0,1,0,1,1,0,0,0,0
1206,1,1,1,0,0,1,0,0,0,0,0,0,1,0,1,1,0,0,0,0
1207,0,1,1,0,0,1,1,0,0,0,0,0,1,0,1,1,0,0,0,0
1208,0,1,0,0,0,1,1,0,0,0,0,0,0,0,1,1,0,0,0,0
1209,0,1,0,0,0,0,1,0,0,0,0,0,0,0,1,1,0,0,0,0
1210,0,1,0,0,0,0,1,0,0,0,0,0,0,0,1,1,0,0,0,0
1211,0,0,0,0,0,0,1,0,0,0,0,0,0,0,1,1,0,0,0,0
1212,0,0,0,0,0,0,1,0,0,0,0,0,1,0,1,1,0,0,0,0
1213,0,0,0,0,0,0,1,0,0,0,0,0,1,0,1,1,0,0,0,0
1214,0,0,0,0,0,0,1,0,0,1,0,0,1,0,1,1,0,0,0,0
1215,0,0,0,0,0,0,1,0,0,1,0,0,1,0,1,1,0,0,0,0
1216,0,0,1,0,0,0,1,0,0,1,0,0,1,0,1,1,0,0,0,0
1217,1,0,1,0,0,0,1,0,0,1,0,0,1,0,1,1,0,0,0,0
1218,1,0,1,0,0,0,1,0,0,1,0,0,1,0,1,1,0,0,0,0
1219,0,0,1,0,0,0,1,0,0,1,0,0,1,0,1,1,0,0,0,0
1220,0,0,0,0,0,0,1,0,0,1,0,0,1,0,1,1,0,0,0,0
1221,0,0,0,0,0,0,1,0,0,1,0,0,1,0,1,1,0,0,0,0
1222,0,0,0,0,0,0,1,0,0,1,0,0,1,0,1,1,0,0,0,0
1223,0,0,0,0,0,0,1,0,0,1,0,1,1,0,1,1,0,0,0,0
1224,0,1,0,0,0,0,1,0,0,1,0,1,1,0,1,1,0,0,0,0
1225,0,1,0,0,0,0,1,0,0,1,0,1,1,0,1,1,0,0,0,0
1226,0,1,0,0,0,0,1,0,0,1,0,1,1,0,1,1,0,0,0,0
1227,0,1,0,0,0,0,1,0,0,1,0,1,1,0,1,1,0,0,0,0
1228,1,1,1,0,0,0,1,1,0,0,0,1,1,0,1,1,0,0,0,0
1229,1,0,1,0,0,1,1,1,0,0,0,1,1,0,1,1,0,0,0,0
1230,1,0,1,0,0,1,1,1,0,0,0,1,1,0,1,1,0,0,0,0
1231,0,0,1,0,0,1,1,1,0,0,0,1,1,0,1,1,0,0,0,0
1232,1,0,0,0,0,1,1,1,0,0,0,1,1,0,1,1,0,0,0,0
1233,1,1,0,1,0,1,0,1,0,0,0,1,1,0,1,1,0,0,0,0
1234,0,1,0,1,0,1,0,1,0,0,0,1,1,0,1,1,0,0,0,0
1235,1,1,0,1,0,1,0,1,0,0,0,1,1,0,1,1,0,0,0,0
1236,1,1,0,1,0,1,0,1,0,0,0,1,1,0,1,1,0,0,0,0
1237,1,1,0,1,0,1,0,1,0,0,0,0,1,0,1,1,0,0,0,0
1238,0,0,0,0,0,1,0,1,0,0,0,0,1,0,1,1,0,0,0,0
1239,0,0,0,1,0,1,0,1,0,0,0,0,1,0,1,1,0,0,0,0
1240,0,0,0,1,0,0,0,0,0,0,0,0,1,0,1,1,0,0,0,0
1241,0,0,0,1,0,0,0,0,0,0,0,0,1,0,1,1,0,0,0,0
1242,0,1,0,0,0,0,0,0,0,0,0,0,1,0,1,1,0,0,0,0
1243,0,1,0,0,0,0,0,0,0,0,0,0,1,0,1,1,0,0,0,0
1244,0,1,0,0,0,0,0,0,0,0,0,0,1,0,1,1,0,0,0,0
1245,0,1,0,0,0,0,0,0,0,0,0,0,1,0,1,1,0,0,0,0
1246,0,1,0,0,0,0,0,0,0,0,0,0,1,0,1,1,0,0,0,0
1247,0,0,0,0,0,0,0,0,0,0,0,0,1,0,1,1,0,0,0,0
1248,0,0,0,0,0,0,0,0,0,0,0,0,1,0,1,1,0,0,0,0
1249,0,0,0,0,0,0,0,0,0,0,0,0,1,0,1,1,0,0,0,0
1250,1,0,0,0,0,0,0,0,0,0,0,0,1,0,1,1,0,0,0,0
1251,1,0,0,0,0,0,0,0,0,0,0,0,1,0,1,1,0,0,0,0
1252,1,0,0,0,0,0,0,0,0,0,0,0,1,0,1,1,0,0,0,0
1253,0,0,0,0,0,0,0,0,0,0,0,0,1,0,1,1,0,0,0,0
1254,0,0,0,0,0,0,0,0,0,0,0,0,1,0,1,1,0,0,0,0
1255,0,0,0,0,0,0,0,0,0,0,0,0,1,0,1,1,0,0,0,0
1256,0,1,0,0,0,0,0,0,0,0,0,0,1,0,1,1,0,0,0,0
1257,0,1,0,0,0,0,0,0,0,0,0,0,1,0,1,1,0,0,0,0
1258,0,1,0,0,0,0,0,0,0,0,0,0,1,0,1,1,0,0,0,0
1259,0,1,0,0,0,0,0,0,0,0,0,0,1,0,1,1,0,0,0,0
1260,0,1,0,0,0,1,0,0,0,0,0,0,1,0,1,1,0,0,0,0
1261,0,0,0,1,0,1,0,0,0,0,0,0,1,0,1,1,0,0,0,0
1262,0,0,1,1,0,1,0,0,0,0,0,0,1,0,1,1,0,0,0,0
1263,0,0,1,0,1,1,0,0,0,0,0,0,1,0,1,1,0,0,0,0
1264,0,0,1,0,1,1,0,0,0,0,0,0,1,0,1,1,0,0,0,0
1265,0,0,1,0,1,1,0,0,0,0,0,0,1,0,1,1,0,0,0,0
1266,0,0,1,0,0,1,0,0,0,0,1,0,1,0,1,1,0,0,0,0
1267,0,0,0,0,0,1,0,0,0,0,1,0,1,0,1,1,0,0,0,0
1268,0,0,0,0,0,1,0,0,0,0,1,0,1,0,1,1,0,0,0,0
1269,0,0,0,0,0,1,0,0,0,0,1,0,1,0,1,0,0,0,0,0
1270,1,0,0,0,0,0,0,0,0,0,1,0,1,0,1,0,0,0,0,0
1271,1,0,0,0,0,0,0,0,0,0,1,0,1,0,1,0,0,0,0,0
1272,0,0,1,0,0,0,0,0,0,0,1,0,1,0,0,0,0,0,0,0
1273,1,0,1,0,0,0,0,0,0,0,1,0,1,0,0,0,0,0,0,0
1274,1,0,1,0,0,0,0,0,0,0,1,0,1,0,0,0,0,0,0,0
1275,0,0,1,0,0,0,0,0,0,0,1,0,1,0,0,0,0,0,0,0
1276,0,0,0,0,0,0,0,0,0,0,1,0,1,0,0,0,0,0,0,0
1277,0,0,0,0,0,0,0,0,0,0,1,0,1,0,0,0,0,0,0,0
1278,0,0,0,1,0,0,0,0,0,0,1,1,1,0,0,0,0,0,0,0
1279,0,0,0,1,0,0,0,0,0,0,1,1,1,0,0,0,0,0,0,0
1280,0,0,0,1,0,0,0,0,0,0,1,1,1,0,0,0,0,0,0,0
1281,0,0,0,1,0,0,0,0,0,0,1,1,1,0,0,0,0,0,0,0
1282,0,0,0,1,0,0,0,0,0,0,1,1,1,0,0,0,0,0,0,0
1283,0,1,0,0,0,0,0,0,0,0,1,0,1,0,0,0,0,0,0,0
1284,1,1,0,0,0,0,0,0,0,0,1,0,1,0,0,0,0,0,0,0
1285,1,1,0,0,0,0,0,0,1,0,1,0,1,0,0,0,0,0,0,0
1286,1,1,0,0,0,0,0,0,1,0,1,0,1,0,0,0,0,0,0,0
1287,1,0,0,0,0,0,0,0,1,0,1,0,1,0,0,0,0,0,0,0
1288,1,0,0,0,0,0,0,0,1,0,1,0,1,0,0,0,0,0,0,0
1289,0,0,0,0,0,0,0,0,1,0,1,0,1,0,0,0,0,0,0,0
1290,0,0,0,0,0,0,0,0,1,0,1,0,1,0,0,0,0,0,0,0
1291,0,0,0,0,0,0,0,0,1,0,1,0,1,0,0,0,0,0,0,0
1292,0,0,0,0,0,0,0,0,1,0,1,0,1,0,0,0,0,0,0,0
1293,1,0,0,0,0,0,0,0,1,0,1,0,1,0,0,0,0,0,0,0
1294,1,0,0,0,0,0,0,0,1,0,1,0,1,0,0,0,0,0,0,0
1295,1,0,0,0,0,0,0,0,1,0,1,0,0,0,0,0,0,0,0,0
1296,1,0,0,0,0,0,0,0,0,0,1,0,0,0,0,0,0,0,0,0
1297,1,0,0,0,0,0,0,0,0,0,1,0,0,0,0,0,0,0,0,0
1298,0,0,0,0,0,0,0,0,0,0,1,0,0,0,0,0,0,0,0,0
1299,0,0,0,0,0,0,0,0,0,0,1,0,0,0,0,0,0,0,0,0
1300,0,0,0,0,0,0,0,0,0,0,1,0,0,0,0,0,0,0,0,0
1301,0,0,0,1,0,0,0,0,0,0,1,0,0,0,0,0,0,0,0,0
1302,0,0,0,1,0,0,0,0,0,0,1,0,0,0,0,0,0,0,0,0
1303,0,0,0,1,0,0,0,0,0,0,1,0,0,0,0,0,0,0,0,0
1304,0,0,0,1,0,0,0,0,0,0,1,0,0,0,0,0,0,0,0,0
1305,0,0,0,0,0,0,0,0,0,0,1,0,0,0,0,0,0,0,0,0
1306,0,1,0,0,0,0,0,0,0,0,1,0,0,0,0,0,0,0,0,0
1307,0,1,0,0,0,0,0,0,0,0,1,0,0,0,0,0,0,0,0,0
1308,0,1,0,0,0,0,0,0,0,0,1,0,0,0,0,0,0,0,0,0
1309,0,1,0,0,0,0,0,0,0,0,1,0,0,0,0,0,0,0,0,0
1310,0,0,0,0,0,0,0,0,0,0,1,0,0,0,0,0,0,0,0,0
1311,1,0,0,0,0,0,1,0,0,0,1,0,0,0,0,0,0,0,0,0
1312,1,0,0,0,0,0,1,0,0,0,1,0,0,0,0,0,0,0,0,0
1313,0,0,0,0,0,0,1,0,0,0,1,0,0,0,0,0,0,0,0,0
1314,0,0,0,0,0,0,1,0,0,0,1,0,0,0,0,0,0,0,0,0
1315,0,0,0,0,0,0,1,0,0,0,1,0,0,0,0,0,0,0,0,0
1316,0,0,0,1,0,0,1,0,0,0,1,0,0,0,0,0,0,0,0,0
1317,0,0,1,1,0,0,1,0,0,0,0,0,0,0,0,0,0,0,0,0
1318,0,0,1,1,0,0,1,0,0,0,0,0,0,0,0,0,0,0,0,0
1319,0,0,1,1,0,0,1,0,0,0,0,0,0,0,0,0,0,0,0,0
1320,0,0,1,0,0,0,1,0,0,0,0,0,0,0,0,0,0,0,0,0
1321,1,0,0,0,0,0,1,0,0,0,0,0,0,0,0,0,0,0,0,1
1322,1,0,0,0,0,0,1,0,0,0,0,0,0,0,0,0,0,0,0,1
1323,0,0,0,0,0,0,1,0,0,0,0,0,0,0,0,0,0,0,0,1
1324,1,0,0,0,0,0,1,0,0,0,0,0,0,0,0,0,0,0,0,1
1325,1,0,0,0,0,0,1,0,0,0,0,0,0,0,0,0,0,0,0,1
1326,0,0,0,0,0,0,1,0,0,0,0,0,0,0,0,0,0,0,0,1
1327,0,0,0,0,0,0,1,0,0,0,0,0,0,0,0,0,0,0,0,1
1328,0,0,0,0,0,0,0,0,0,0,0,0,0,0,0,0,0,0,0,1
1329,1,0,0,0,0,0,0,0,0,0,0,0,0,0,0,0,0,0,0,1
1330,1,0,0,0,0,0,0,0,0,0,0,0,0,0,0,0,0,0,0,1
1331,1,0,0,0,0,0,0,0,0,0,0,0,0,0,0,0,0,0,0,1
1332,0,0,0,0,0,0,0,0,0,0,0,0,0,0,0,0,0,0,0,1
1333,0,1,0,0,0,0,0,0,0,0,0,0,0,0,0,0,0,0,0,1
1334,0,1,0,0,0,0,0,0,0,0,0,0,0,0,0,0,0,0,0,1
1335,0,1,0,0,0,0,0,0,0,0,0,0,0,0,0,0,0,0,0,1
1336,0,1,0,0,0,0,0,0,0,0,0,0,0,0,0,0,0,0,0,1
1337,0,1,0,1,0,0,0,0,0,0,0,0,0,0,0,0,0,0,0,1
1338,1,0,0,1,0,0,0,0,0,0,0,0,0,0,0,0,0,0,0,1
1339,1,0,0,0,0,0,0,0,0,0,1,0,0,0,0,0,0,0,0,1
1340,1,1,0,0,0,0,0,0,0,0,1,0,0,0,0,0,0,0,0,1
1341,0,1,0,0,0,0,0,0,0,0,1,0,0,0,0,0,0,0,0,1
1342,0,1,0,0,0,0,0,0,0,1,1,0,0,0,0,0,0,0,0,1
1343,0,1,0,0,0,0,0,0,0,1,1,0,0,0,0,0,0,0,0,1
1344,0,0,1,0,0,0,0,0,0,1,1,0,0,1,0,0,0,0,0,1
1345,0,0,1,0,0,0,0,0,0,1,1,0,0,1,0,0,0,0,0,1
1346,0,0,1,0,0,0,0,0,0,1,1,0,0,1,0,0,0,0,0,1
1347,0,0,0,0,0,0,0,0,0,1,1,0,0,1,0,0,0,0,0,1
1348,0,0,0,0,0,0,0,0,0,1,1,0,0,1,0,0,0,0,0,1
1349,0,0,0,0,0,0,0,0,0,1,1,0,0,1,0,0,0,0,0,1
1350,0,0,0,0,0,0,0,0,0,1,1,0,0,1,0,0,0,0,0,1
1351,0,0,0,0,0,0,0,0,0,1,1,0,0,1,0,0,0,0,0,1
1352,1,0,0,0,0,0,0,0,0,1,1,0,0,1,0,0,0,0,0,1
1353,1,0,0,1,0,0,0,0,0,1,1,0,0,1,0,0,0,0,0,1
1354,1,0,0,1,0,0,0,0,0,1,1,0,0,1,0,0,0,0,0,1
1355,0,0,0,1,0,0,0,0,0,1,1,0,0,1,0,0,0,0,0,1
1356,0,0,0,1,0,0,0,0,0,1,1,0,0,1,0,0,0,0,0,1
1357,0,0,0,0,0,0,0,0,0,1,1,0,0,1,0,0,0,0,0,1
1358,0,0,0,0,0,0,0,0,0,1,1,0,0,1,0,0,0,0,0,1
1359,0,0,0,0,0,0,0,0,0,1,1,0,0,1,0,0,0,0,0,1
1360,1,0,0,0,0,0,0,0,0,1,1,0,0,1,0,0,0,0,0,1
1361,1,1,0,0,0,0,0,0,0,1,1,0,0,1,0,0,0,0,0,1
1362,0,1,0,0,0,0,0,0,0,1,1,0,0,1,0,0,0,0,0,1
1363,0,1,0,0,0,0,0,0,0,1,1,0,0,1,0,0,0,0,0,0
1364,1,1,0,0,0,0,0,0,0,1,1,0,0,1,0,0,0,0,0,0
1365,1,1,0,0,0,0,0,0,0,1,1,0,0,1,0,0,0,0,0,0
1366,0,0,0,0,0,0,0,0,0,1,1,0,0,1,0,0,0,0,0,0
1367,0,0,0,0,0,0,0,0,0,1,1,0,0,1,0,0,0,0,0,0
1368,0,0,0,0,0,0,0,0,0,1,1,0,0,1,0,0,0,0,0,0
1369,0,0,0,0,0,0,0,0,0,1,1,0,0,1,0,0,0,0,0,0
1370,0,0,0,0,0,0,0,0,0,1,1,0,0,1,0,0,0,0,0,0
1371,0,0,0,0,0,0,0,0,0,1,1,0,0,1,0,0,0,0,0,0
1372,0,0,0,0,0,0,0,0,0,1,1,0,0,1,0,0,0,0,0,0
1373,1,1,0,0,0,0,0,0,0,1,1,0,0,1,0,0,0,0,0,0
1374,1,1,0,0,0,0,0,0,0,1,1,0,0,1,0,0,0,0,0,0
1375,1,1,0,0,0,0,0,0,0,0,1,0,0,1,0,0,0,0,0,0
1376,1,1,0,0,0,0,0,0,0,0,1,0,0,1,0,0,0,0,0,0
1377,1,0,0,0,0,0,0,0,0,0,1,0,0,1,0,0,0,0,0,0
1378,1,0,0,0,0,0,0,0,0,1,0,0,0,1,0,0,0,0,0,0
1379,0,0,0,0,0,0,0,0,0,1,0,0,0,1,0,0,0,0,0,0
1380,0,0,0,1,0,1,0,0,0,1,0,0,0,1,0,0,0,0,0,0
1381,0,0,0,1,0,1,0,0,0,1,0,0,0,1,0,0,0,0,0,0
1382,0,0,0,1,0,1,0,0,0,1,0,0,0,1,0,0,0,0,0,0
1383,0,0,0,0,0,1,0,0,0,1,0,0,0,1,0,0,0,0,0,0
1384,0,0,0,0,0,1,0,0,0,1,0,0,0,1,0,0,0,0,0,0
1385,0,0,0,0,0,1,0,0,0,1,0,0,0,1,0,0,0,0,0,0
1386,0,0,0,0,0,1,0,0,0,1,0,0,0,1,0,0,0,0,0,0
1387,1,0,0,0,0,0,0,0,0,1,0,0,0,1,0,0,0,0,0,0
1388,1,0,0,0,0,0,0,0,0,1,0,0,0,0,0,0,0,1,0,0
1389,0,0,0,0,0,0,0,0,0,1,0,0,0,0,0,0,0,1,0,0
1390,0,0,1,0,0,0,0,1,0,1,0,0,0,0,0,0,0,1,0,0
1391,0,0,1,0,0,0,0,1,0,1,0,0,0,0,0,0,0,1,0,0
1392,0,0,1,0,0,0,0,1,0,1,0,0,0,0,0,0,0,1,0,0
1393,0,0,1,0,0,0,0,1,0,1,0,0,0,0,0,0,0,1,0,0
1394,0,0,1,0,0,0,0,1,0,1,0,0,0,0,0,0,0,1,0,0
1395,0,0,0,0,0,0,0,1,0,1,0,0,0,0,0,0,0,1,0,0
1396,1,0,0,0,0,0,0,1,0,1,0,0,0,0,0,0,0,1,0,0
1397,1,1,0,0,0,0,1,1,0,1,0,0,0,0,0,0,0,1,0,0
1398,0,1,0,0,0,0,1,1,0,1,0,0,0,0,0,0,0,1,0,0
1399,0,0,1,0,0,0,1,1,0,1,0,0,0,0,0,0,0,1,0,0
1400,0,1,1,0,0,0,1,1,0,1,0,0,0,0,0,0,0,1,0,0
1401,1,1,1,0,0,0,1,1,0,1,0,0,0,0,0,0,0,1,0,0
1402,1,1,0,0,0,0,1,1,0,1,0,0,0,0,0,0,0,1,0,0
1403,0,0,0,0,0,0,1,1,0,1,0,0,0,0,0,0,0,1,0,0
1404,0,0,0,0,0,0,1,1,0,1,0,0,0,0,0,0,0,1,0,0
1405,0,0,0,0,0,0,1,1,0,1,0,0,0,0,0,0,0,1,0,0
1406,0,0,0,0,0,0,1,1,0,1,0,0,0,0,0,0,0,1,0,0
1407,0,0,1,0,0,0,1,1,0,1,0,0,0,0,0,0,0,1,0,0
1408,1,0,1,0,0,0,0,1,0,1,0,0,0,0,0,0,0,1,0,0
1409,1,0,1,0,0,0,0,1,0,1,0,0,0,0,0,0,0,1,0,0
1410,0,0,1,0,0,0,0,1,0,1,0,0,0,0,0,0,0,1,0,0
1411,0,0,0,0,0,0,0,1,0,1,0,0,0,0,1,0,0,1,0,0
1412,0,0,0,0,0,0,0,1,0,1,0,0,0,0,1,0,0,1,0,0
1413,0,0,0,0,0,0,0,1,0,1,0,0,0,0,1,0,0,1,0,0
1414,1,0,0,0,0,0,0,1,0,1,0,0,0,0,1,0,0,1,0,0
1415,1,0,0,0,0,0,0,1,0,1,0,0,0,0,1,0,0,1,0,0
1416,0,1,0,0,0,1,0,1,0,1,0,0,0,0,1,0,0,1,0,0
1417,0,1,0,0,0,1,0,0,0,1,0,0,0,0,1,0,0,1,0,0
1418,0,1,0,0,0,1,0,0,0,1,0,0,0,0,1,0,0,1,0,0
1419,0,1,0,0,0,1,0,0,0,1,0,0,0,0,1,0,0,1,0,0
1420,0,0,1,0,0,1,0,0,1,1,0,0,0,0,1,0,0,1,0,0
1421,1,0,1,0,0,1,0,0,1,0,0,0,0,0,1,0,0,1,0,0
1422,1,0,1,0,1,1,0,0,1,0,0,0,0,0,1,0,0,1,0,0
1423,1,0,0,0,1,1,0,0,1,0,0,0,0,0,1,0,0,1,0,0
1424,0,0,0,0,1,1,0,0,1,0,0,0,0,0,1,0,0,1,0,0
1425,0,0,0,1,1,1,0,0,1,0,0,0,0,0,1,0,0,1,0,0
1426,0,0,0,1,1,1,0,0,1,0,0,0,0,0,1,0,0,1,0,0
1427,0,0,0,1,1,1,0,0,1,0,0,0,0,0,1,0,0,1,0,0
1428,0,1,0,1,1,1,0,0,1,0,0,0,0,0,1,0,0,1,0,0
1429,0,1,0,0,1,1,0,0,1,0,0,0,0,0,1,0,0,1,0,0
1430,0,1,0,0,1,0,0,0,1,0,0,0,0,0,1,0,0,1,0,0
1431,0,1,0,0,1,0,0,0,1,0,0,0,0,0,1,0,0,1,0,0
1432,0,1,0,0,0,0,0,0,1,0,0,0,0,0,1,0,0,1,0,0
1433,0,0,0,0,0,0,0,0,1,0,0,0,0,0,1,0,0,1,0,0
1434,0,0,0,0,0,0,0,0,1,0,0,0,0,0,1,0,0,1,0,0
1435,0,0,0,0,0,0,0,0,1,0,0,0,0,0,1,0,0,1,0,0
1436,0,0,0,0,0,0,0,0,1,0,0,0,0,0,1,0,0,1,0,0
1437,0,0,1,1,0,0,0,0,0,0,0,0,0,0,1,0,0,1,0,0
1438,0,0,1,1,0,0,0,0,0,0,0,0,0,0,1,0,0,1,0,0
1439,0,0,1,1,0,0,0,0,0,0,0,0,0,0,1,0,0,1,0,0
